inning,half,score_diff,outs,base_state,wp
1,top,-10,0,0,0.0067
1,top,-10,0,1,0.0068
1,top,-10,0,2,0.0068
1,top,-10,0,3,0.007
1,top,-10,0,4,0.0068
1,top,-10,0,5,0.007
1,top,-10,0,6,0.007
1,top,-10,0,7,0.0071
1,top,-10,1,0,0.0064
1,top,-10,1,1,0.0065
1,top,-10,1,2,0.0065
1,top,-10,1,3,0.0066
1,top,-10,1,4,0.0065
1,top,-10,1,5,0.0066
1,top,-10,1,6,0.0066
1,top,-10,1,7,0.0068
1,top,-10,2,0,0.0061
1,top,-10,2,1,0.0062
1,top,-10,2,2,0.0062
1,top,-10,2,3,0.0063
1,top,-10,2,4,0.0062
1,top,-10,2,5,0.0063
1,top,-10,2,6,0.0063
1,top,-10,2,7,0.0064
1,top,-9,0,0,0.0122
1,top,-9,0,1,0.0125
1,top,-9,0,2,0.0125
1,top,-9,0,3,0.0127
1,top,-9,0,4,0.0125
1,top,-9,0,5,0.0127
1,top,-9,0,6,0.0127
1,top,-9,0,7,0.013
1,top,-9,1,0,0.0116
1,top,-9,1,1,0.0119
1,top,-9,1,2,0.0119
1,top,-9,1,3,0.0121
1,top,-9,1,4,0.0119
1,top,-9,1,5,0.0121
1,top,-9,1,6,0.0121
1,top,-9,1,7,0.0123
1,top,-9,2,0,0.0111
1,top,-9,2,1,0.0113
1,top,-9,2,2,0.0113
1,top,-9,2,3,0.0115
1,top,-9,2,4,0.0113
1,top,-9,2,5,0.0115
1,top,-9,2,6,0.0115
1,top,-9,2,7,0.0118
1,top,-8,0,0,0.0217
1,top,-8,0,1,0.0221
1,top,-8,0,2,0.0221
1,top,-8,0,3,0.0226
1,top,-8,0,4,0.0221
1,top,-8,0,5,0.0226
1,top,-8,0,6,0.0226
1,top,-8,0,7,0.023
1,top,-8,1,0,0.0207
1,top,-8,1,1,0.0211
1,top,-8,1,2,0.0211
1,top,-8,1,3,0.0215
1,top,-8,1,4,0.0211
1,top,-8,1,5,0.0215
1,top,-8,1,6,0.0215
1,top,-8,1,7,0.0219
1,top,-8,2,0,0.0197
1,top,-8,2,1,0.0201
1,top,-8,2,2,0.0201
1,top,-8,2,3,0.0205
1,top,-8,2,4,0.0201
1,top,-8,2,5,0.0205
1,top,-8,2,6,0.0205
1,top,-8,2,7,0.0209
1,top,-7,0,0,0.0374
1,top,-7,0,1,0.0381
1,top,-7,0,2,0.0381
1,top,-7,0,3,0.0389
1,top,-7,0,4,0.0381
1,top,-7,0,5,0.0389
1,top,-7,0,6,0.0389
1,top,-7,0,7,0.0396
1,top,-7,1,0,0.0356
1,top,-7,1,1,0.0363
1,top,-7,1,2,0.0363
1,top,-7,1,3,0.037
1,top,-7,1,4,0.0363
1,top,-7,1,5,0.037
1,top,-7,1,6,0.037
1,top,-7,1,7,0.0378
1,top,-7,2,0,0.034
1,top,-7,2,1,0.0346
1,top,-7,2,2,0.0346
1,top,-7,2,3,0.0353
1,top,-7,2,4,0.0346
1,top,-7,2,5,0.0353
1,top,-7,2,6,0.0353
1,top,-7,2,7,0.036
1,top,-6,0,0,0.0623
1,top,-6,0,1,0.0634
1,top,-6,0,2,0.0634
1,top,-6,0,3,0.0646
1,top,-6,0,4,0.0634
1,top,-6,0,5,0.0646
1,top,-6,0,6,0.0646
1,top,-6,0,7,0.0659
1,top,-6,1,0,0.0594
1,top,-6,1,1,0.0605
1,top,-6,1,2,0.0605
1,top,-6,1,3,0.0617
1,top,-6,1,4,0.0605
1,top,-6,1,5,0.0617
1,top,-6,1,6,0.0617
1,top,-6,1,7,0.0629
1,top,-6,2,0,0.0567
1,top,-6,2,1,0.0578
1,top,-6,2,2,0.0578
1,top,-6,2,3,0.0589
1,top,-6,2,4,0.0578
1,top,-6,2,5,0.0589
1,top,-6,2,6,0.0589
1,top,-6,2,7,0.06
1,top,-5,0,0,0.0998
1,top,-5,0,1,0.1016
1,top,-5,0,2,0.1016
1,top,-5,0,3,0.1034
1,top,-5,0,4,0.1016
1,top,-5,0,5,0.1034
1,top,-5,0,6,0.1034
1,top,-5,0,7,0.1053
1,top,-5,1,0,0.0953
1,top,-5,1,1,0.0971
1,top,-5,1,2,0.0971
1,top,-5,1,3,0.0989
1,top,-5,1,4,0.0971
1,top,-5,1,5,0.0989
1,top,-5,1,6,0.0989
1,top,-5,1,7,0.1007
1,top,-5,2,0,0.0911
1,top,-5,2,1,0.0928
1,top,-5,2,2,0.0928
1,top,-5,2,3,0.0945
1,top,-5,2,4,0.0928
1,top,-5,2,5,0.0945
1,top,-5,2,6,0.0945
1,top,-5,2,7,0.0962
1,top,-4,0,0,0.1529
1,top,-4,0,1,0.1555
1,top,-4,0,2,0.1555
1,top,-4,0,3,0.1582
1,top,-4,0,4,0.1555
1,top,-4,0,5,0.1582
1,top,-4,0,6,0.1582
1,top,-4,0,7,0.1608
1,top,-4,1,0,0.1465
1,top,-4,1,1,0.1491
1,top,-4,1,2,0.1491
1,top,-4,1,3,0.1516
1,top,-4,1,4,0.1491
1,top,-4,1,5,0.1516
1,top,-4,1,6,0.1516
1,top,-4,1,7,0.1542
1,top,-4,2,0,0.1404
1,top,-4,2,1,0.1428
1,top,-4,2,2,0.1428
1,top,-4,2,3,0.1453
1,top,-4,2,4,0.1428
1,top,-4,2,5,0.1453
1,top,-4,2,6,0.1453
1,top,-4,2,7,0.1478
1,top,-3,0,0,0.223
1,top,-3,0,1,0.2265
1,top,-3,0,2,0.2265
1,top,-3,0,3,0.2301
1,top,-3,0,4,0.2265
1,top,-3,0,5,0.2301
1,top,-3,0,6,0.2301
1,top,-3,0,7,0.2336
1,top,-3,1,0,0.2145
1,top,-3,1,1,0.2179
1,top,-3,1,2,0.2179
1,top,-3,1,3,0.2213
1,top,-3,1,4,0.2179
1,top,-3,1,5,0.2213
1,top,-3,1,6,0.2213
1,top,-3,1,7,0.2248
1,top,-3,2,0,0.2062
1,top,-3,2,1,0.2095
1,top,-3,2,2,0.2095
1,top,-3,2,3,0.2128
1,top,-3,2,4,0.2095
1,top,-3,2,5,0.2128
1,top,-3,2,6,0.2128
1,top,-3,2,7,0.2162
1,top,-2,0,0,0.3083
1,top,-2,0,1,0.3126
1,top,-2,0,2,0.3126
1,top,-2,0,3,0.3169
1,top,-2,0,4,0.3126
1,top,-2,0,5,0.3169
1,top,-2,0,6,0.3169
1,top,-2,0,7,0.3213
1,top,-2,1,0,0.2978
1,top,-2,1,1,0.302
1,top,-2,1,2,0.302
1,top,-2,1,3,0.3062
1,top,-2,1,4,0.302
1,top,-2,1,5,0.3062
1,top,-2,1,6,0.3062
1,top,-2,1,7,0.3105
1,top,-2,2,0,0.2874
1,top,-2,2,1,0.2915
1,top,-2,2,2,0.2915
1,top,-2,2,3,0.2957
1,top,-2,2,4,0.2915
1,top,-2,2,5,0.2957
1,top,-2,2,6,0.2957
1,top,-2,2,7,0.2999
1,top,-1,0,0,0.4032
1,top,-1,0,1,0.4081
1,top,-1,0,2,0.4081
1,top,-1,0,3,0.4129
1,top,-1,0,4,0.4081
1,top,-1,0,5,0.4129
1,top,-1,0,6,0.4129
1,top,-1,0,7,0.4178
1,top,-1,1,0,0.3913
1,top,-1,1,1,0.396
1,top,-1,1,2,0.396
1,top,-1,1,3,0.4008
1,top,-1,1,4,0.396
1,top,-1,1,5,0.4008
1,top,-1,1,6,0.4008
1,top,-1,1,7,0.4056
1,top,-1,2,0,0.3794
1,top,-1,2,1,0.3841
1,top,-1,2,2,0.3841
1,top,-1,2,3,0.3889
1,top,-1,2,4,0.3841
1,top,-1,2,5,0.3889
1,top,-1,2,6,0.3889
1,top,-1,2,7,0.3936
1,top,0,0,0,0.5
1,top,0,0,1,0.505
1,top,0,0,2,0.505
1,top,0,0,3,0.51
1,top,0,0,4,0.505
1,top,0,0,5,0.51
1,top,0,0,6,0.51
1,top,0,0,7,0.515
1,top,0,1,0,0.4875
1,top,0,1,1,0.4925
1,top,0,1,2,0.4925
1,top,0,1,3,0.4975
1,top,0,1,4,0.4925
1,top,0,1,5,0.4975
1,top,0,1,6,0.4975
1,top,0,1,7,0.5025
1,top,0,2,0,0.475
1,top,0,2,1,0.48
1,top,0,2,2,0.48
1,top,0,2,3,0.485
1,top,0,2,4,0.48
1,top,0,2,5,0.485
1,top,0,2,6,0.485
1,top,0,2,7,0.49
1,top,1,0,0,0.591
1,top,1,0,1,0.5958
1,top,1,0,2,0.5958
1,top,1,0,3,0.6006
1,top,1,0,4,0.5958
1,top,1,0,5,0.6006
1,top,1,0,6,0.6006
1,top,1,0,7,0.6054
1,top,1,1,0,0.5788
1,top,1,1,1,0.5837
1,top,1,1,2,0.5837
1,top,1,1,3,0.5886
1,top,1,1,4,0.5837
1,top,1,1,5,0.5886
1,top,1,1,6,0.5886
1,top,1,1,7,0.5934
1,top,1,2,0,0.5666
1,top,1,2,1,0.5715
1,top,1,2,2,0.5715
1,top,1,2,3,0.5764
1,top,1,2,4,0.5715
1,top,1,2,5,0.5764
1,top,1,2,6,0.5764
1,top,1,2,7,0.5813
1,top,2,0,0,0.6708
1,top,2,0,1,0.6752
1,top,2,0,2,0.6752
1,top,2,0,3,0.6796
1,top,2,0,4,0.6752
1,top,2,0,5,0.6796
1,top,2,0,6,0.6796
1,top,2,0,7,0.684
1,top,2,1,0,0.6597
1,top,2,1,1,0.6642
1,top,2,1,2,0.6642
1,top,2,1,3,0.6686
1,top,2,1,4,0.6642
1,top,2,1,5,0.6686
1,top,2,1,6,0.6686
1,top,2,1,7,0.673
1,top,2,2,0,0.6484
1,top,2,2,1,0.6529
1,top,2,2,2,0.6529
1,top,2,2,3,0.6575
1,top,2,2,4,0.6529
1,top,2,2,5,0.6575
1,top,2,2,6,0.6575
1,top,2,2,7,0.662
1,top,3,0,0,0.7373
1,top,3,0,1,0.7412
1,top,3,0,2,0.7412
1,top,3,0,3,0.745
1,top,3,0,4,0.7412
1,top,3,0,5,0.745
1,top,3,0,6,0.745
1,top,3,0,7,0.7488
1,top,3,1,0,0.7275
1,top,3,1,1,0.7315
1,top,3,1,2,0.7315
1,top,3,1,3,0.7354
1,top,3,1,4,0.7315
1,top,3,1,5,0.7354
1,top,3,1,6,0.7354
1,top,3,1,7,0.7392
1,top,3,2,0,0.7175
1,top,3,2,1,0.7215
1,top,3,2,2,0.7215
1,top,3,2,3,0.7255
1,top,3,2,4,0.7215
1,top,3,2,5,0.7255
1,top,3,2,6,0.7255
1,top,3,2,7,0.7295
1,top,4,0,0,0.7905
1,top,4,0,1,0.7938
1,top,4,0,2,0.7938
1,top,4,0,3,0.7971
1,top,4,0,4,0.7938
1,top,4,0,5,0.7971
1,top,4,0,6,0.7971
1,top,4,0,7,0.8003
1,top,4,1,0,0.7821
1,top,4,1,1,0.7855
1,top,4,1,2,0.7855
1,top,4,1,3,0.7888
1,top,4,1,4,0.7855
1,top,4,1,5,0.7888
1,top,4,1,6,0.7888
1,top,4,1,7,0.7922
1,top,4,2,0,0.7735
1,top,4,2,1,0.777
1,top,4,2,2,0.777
1,top,4,2,3,0.7804
1,top,4,2,4,0.777
1,top,4,2,5,0.7804
1,top,4,2,6,0.7804
1,top,4,2,7,0.7838
1,top,5,0,0,0.832
1,top,5,0,1,0.8348
1,top,5,0,2,0.8348
1,top,5,0,3,0.8375
1,top,5,0,4,0.8348
1,top,5,0,5,0.8375
1,top,5,0,6,0.8375
1,top,5,0,7,0.8402
1,top,5,1,0,0.8249
1,top,5,1,1,0.8278
1,top,5,1,2,0.8278
1,top,5,1,3,0.8306
1,top,5,1,4,0.8278
1,top,5,1,5,0.8306
1,top,5,1,6,0.8306
1,top,5,1,7,0.8334
1,top,5,2,0,0.8176
1,top,5,2,1,0.8205
1,top,5,2,2,0.8205
1,top,5,2,3,0.8235
1,top,5,2,4,0.8205
1,top,5,2,5,0.8235
1,top,5,2,6,0.8235
1,top,5,2,7,0.8264
1,top,6,0,0,0.8639
1,top,6,0,1,0.8662
1,top,6,0,2,0.8662
1,top,6,0,3,0.8685
1,top,6,0,4,0.8662
1,top,6,0,5,0.8685
1,top,6,0,6,0.8685
1,top,6,0,7,0.8708
1,top,6,1,0,0.8579
1,top,6,1,1,0.8603
1,top,6,1,2,0.8603
1,top,6,1,3,0.8627
1,top,6,1,4,0.8603
1,top,6,1,5,0.8627
1,top,6,1,6,0.8627
1,top,6,1,7,0.8651
1,top,6,2,0,0.8517
1,top,6,2,1,0.8542
1,top,6,2,2,0.8542
1,top,6,2,3,0.8567
1,top,6,2,4,0.8542
1,top,6,2,5,0.8567
1,top,6,2,6,0.8567
1,top,6,2,7,0.8591
1,top,7,0,0,0.8882
1,top,7,0,1,0.8901
1,top,7,0,2,0.8901
1,top,7,0,3,0.8921
1,top,7,0,4,0.8901
1,top,7,0,5,0.8921
1,top,7,0,6,0.8921
1,top,7,0,7,0.894
1,top,7,1,0,0.8831
1,top,7,1,1,0.8851
1,top,7,1,2,0.8851
1,top,7,1,3,0.8872
1,top,7,1,4,0.8851
1,top,7,1,5,0.8872
1,top,7,1,6,0.8872
1,top,7,1,7,0.8891
1,top,7,2,0,0.8778
1,top,7,2,1,0.88
1,top,7,2,2,0.88
1,top,7,2,3,0.8821
1,top,7,2,4,0.88
1,top,7,2,5,0.8821
1,top,7,2,6,0.8821
1,top,7,2,7,0.8841
1,top,8,0,0,0.9065
1,top,8,0,1,0.9082
1,top,8,0,2,0.9082
1,top,8,0,3,0.9099
1,top,8,0,4,0.9082
1,top,8,0,5,0.9099
1,top,8,0,6,0.9099
1,top,8,0,7,0.9115
1,top,8,1,0,0.9022
1,top,8,1,1,0.904
1,top,8,1,2,0.904
1,top,8,1,3,0.9057
1,top,8,1,4,0.904
1,top,8,1,5,0.9057
1,top,8,1,6,0.9057
1,top,8,1,7,0.9074
1,top,8,2,0,0.8977
1,top,8,2,1,0.8995
1,top,8,2,2,0.8995
1,top,8,2,3,0.9013
1,top,8,2,4,0.8995
1,top,8,2,5,0.9013
1,top,8,2,6,0.9013
1,top,8,2,7,0.9031
1,top,9,0,0,0.9204
1,top,9,0,1,0.9219
1,top,9,0,2,0.9219
1,top,9,0,3,0.9233
1,top,9,0,4,0.9219
1,top,9,0,5,0.9233
1,top,9,0,6,0.9233
1,top,9,0,7,0.9247
1,top,9,1,0,0.9167
1,top,9,1,1,0.9182
1,top,9,1,2,0.9182
1,top,9,1,3,0.9197
1,top,9,1,4,0.9182
1,top,9,1,5,0.9197
1,top,9,1,6,0.9197
1,top,9,1,7,0.9211
1,top,9,2,0,0.9128
1,top,9,2,1,0.9144
1,top,9,2,2,0.9144
1,top,9,2,3,0.9159
1,top,9,2,4,0.9144
1,top,9,2,5,0.9159
1,top,9,2,6,0.9159
1,top,9,2,7,0.9174
1,top,10,0,0,0.9309
1,top,10,0,1,0.9321
1,top,10,0,2,0.9321
1,top,10,0,3,0.9334
1,top,10,0,4,0.9321
1,top,10,0,5,0.9334
1,top,10,0,6,0.9334
1,top,10,0,7,0.9346
1,top,10,1,0,0.9276
1,top,10,1,1,0.9289
1,top,10,1,2,0.9289
1,top,10,1,3,0.9302
1,top,10,1,4,0.9289
1,top,10,1,5,0.9302
1,top,10,1,6,0.9302
1,top,10,1,7,0.9315
1,top,10,2,0,0.9241
1,top,10,2,1,0.9255
1,top,10,2,2,0.9255
1,top,10,2,3,0.9269
1,top,10,2,4,0.9255
1,top,10,2,5,0.9269
1,top,10,2,6,0.9269
1,top,10,2,7,0.9282
1,bottom,-10,0,0,0.0067
1,bottom,-10,0,1,0.0068
1,bottom,-10,0,2,0.0068
1,bottom,-10,0,3,0.007
1,bottom,-10,0,4,0.0068
1,bottom,-10,0,5,0.007
1,bottom,-10,0,6,0.007
1,bottom,-10,0,7,0.0071
1,bottom,-10,1,0,0.0064
1,bottom,-10,1,1,0.0065
1,bottom,-10,1,2,0.0065
1,bottom,-10,1,3,0.0066
1,bottom,-10,1,4,0.0065
1,bottom,-10,1,5,0.0066
1,bottom,-10,1,6,0.0066
1,bottom,-10,1,7,0.0068
1,bottom,-10,2,0,0.0061
1,bottom,-10,2,1,0.0062
1,bottom,-10,2,2,0.0062
1,bottom,-10,2,3,0.0063
1,bottom,-10,2,4,0.0062
1,bottom,-10,2,5,0.0063
1,bottom,-10,2,6,0.0063
1,bottom,-10,2,7,0.0064
1,bottom,-9,0,0,0.0122
1,bottom,-9,0,1,0.0125
1,bottom,-9,0,2,0.0125
1,bottom,-9,0,3,0.0127
1,bottom,-9,0,4,0.0125
1,bottom,-9,0,5,0.0127
1,bottom,-9,0,6,0.0127
1,bottom,-9,0,7,0.013
1,bottom,-9,1,0,0.0116
1,bottom,-9,1,1,0.0119
1,bottom,-9,1,2,0.0119
1,bottom,-9,1,3,0.0121
1,bottom,-9,1,4,0.0119
1,bottom,-9,1,5,0.0121
1,bottom,-9,1,6,0.0121
1,bottom,-9,1,7,0.0123
1,bottom,-9,2,0,0.0111
1,bottom,-9,2,1,0.0113
1,bottom,-9,2,2,0.0113
1,bottom,-9,2,3,0.0115
1,bottom,-9,2,4,0.0113
1,bottom,-9,2,5,0.0115
1,bottom,-9,2,6,0.0115
1,bottom,-9,2,7,0.0118
1,bottom,-8,0,0,0.0217
1,bottom,-8,0,1,0.0221
1,bottom,-8,0,2,0.0221
1,bottom,-8,0,3,0.0226
1,bottom,-8,0,4,0.0221
1,bottom,-8,0,5,0.0226
1,bottom,-8,0,6,0.0226
1,bottom,-8,0,7,0.023
1,bottom,-8,1,0,0.0207
1,bottom,-8,1,1,0.0211
1,bottom,-8,1,2,0.0211
1,bottom,-8,1,3,0.0215
1,bottom,-8,1,4,0.0211
1,bottom,-8,1,5,0.0215
1,bottom,-8,1,6,0.0215
1,bottom,-8,1,7,0.0219
1,bottom,-8,2,0,0.0197
1,bottom,-8,2,1,0.0201
1,bottom,-8,2,2,0.0201
1,bottom,-8,2,3,0.0205
1,bottom,-8,2,4,0.0201
1,bottom,-8,2,5,0.0205
1,bottom,-8,2,6,0.0205
1,bottom,-8,2,7,0.0209
1,bottom,-7,0,0,0.0374
1,bottom,-7,0,1,0.0381
1,bottom,-7,0,2,0.0381
1,bottom,-7,0,3,0.0389
1,bottom,-7,0,4,0.0381
1,bottom,-7,0,5,0.0389
1,bottom,-7,0,6,0.0389
1,bottom,-7,0,7,0.0396
1,bottom,-7,1,0,0.0356
1,bottom,-7,1,1,0.0363
1,bottom,-7,1,2,0.0363
1,bottom,-7,1,3,0.037
1,bottom,-7,1,4,0.0363
1,bottom,-7,1,5,0.037
1,bottom,-7,1,6,0.037
1,bottom,-7,1,7,0.0378
1,bottom,-7,2,0,0.034
1,bottom,-7,2,1,0.0346
1,bottom,-7,2,2,0.0346
1,bottom,-7,2,3,0.0353
1,bottom,-7,2,4,0.0346
1,bottom,-7,2,5,0.0353
1,bottom,-7,2,6,0.0353
1,bottom,-7,2,7,0.036
1,bottom,-6,0,0,0.0623
1,bottom,-6,0,1,0.0634
1,bottom,-6,0,2,0.0634
1,bottom,-6,0,3,0.0646
1,bottom,-6,0,4,0.0634
1,bottom,-6,0,5,0.0646
1,bottom,-6,0,6,0.0646
1,bottom,-6,0,7,0.0659
1,bottom,-6,1,0,0.0594
1,bottom,-6,1,1,0.0605
1,bottom,-6,1,2,0.0605
1,bottom,-6,1,3,0.0617
1,bottom,-6,1,4,0.0605
1,bottom,-6,1,5,0.0617
1,bottom,-6,1,6,0.0617
1,bottom,-6,1,7,0.0629
1,bottom,-6,2,0,0.0567
1,bottom,-6,2,1,0.0578
1,bottom,-6,2,2,0.0578
1,bottom,-6,2,3,0.0589
1,bottom,-6,2,4,0.0578
1,bottom,-6,2,5,0.0589
1,bottom,-6,2,6,0.0589
1,bottom,-6,2,7,0.06
1,bottom,-5,0,0,0.0998
1,bottom,-5,0,1,0.1016
1,bottom,-5,0,2,0.1016
1,bottom,-5,0,3,0.1034
1,bottom,-5,0,4,0.1016
1,bottom,-5,0,5,0.1034
1,bottom,-5,0,6,0.1034
1,bottom,-5,0,7,0.1053
1,bottom,-5,1,0,0.0953
1,bottom,-5,1,1,0.0971
1,bottom,-5,1,2,0.0971
1,bottom,-5,1,3,0.0989
1,bottom,-5,1,4,0.0971
1,bottom,-5,1,5,0.0989
1,bottom,-5,1,6,0.0989
1,bottom,-5,1,7,0.1007
1,bottom,-5,2,0,0.0911
1,bottom,-5,2,1,0.0928
1,bottom,-5,2,2,0.0928
1,bottom,-5,2,3,0.0945
1,bottom,-5,2,4,0.0928
1,bottom,-5,2,5,0.0945
1,bottom,-5,2,6,0.0945
1,bottom,-5,2,7,0.0962
1,bottom,-4,0,0,0.1529
1,bottom,-4,0,1,0.1555
1,bottom,-4,0,2,0.1555
1,bottom,-4,0,3,0.1582
1,bottom,-4,0,4,0.1555
1,bottom,-4,0,5,0.1582
1,bottom,-4,0,6,0.1582
1,bottom,-4,0,7,0.1608
1,bottom,-4,1,0,0.1465
1,bottom,-4,1,1,0.1491
1,bottom,-4,1,2,0.1491
1,bottom,-4,1,3,0.1516
1,bottom,-4,1,4,0.1491
1,bottom,-4,1,5,0.1516
1,bottom,-4,1,6,0.1516
1,bottom,-4,1,7,0.1542
1,bottom,-4,2,0,0.1404
1,bottom,-4,2,1,0.1428
1,bottom,-4,2,2,0.1428
1,bottom,-4,2,3,0.1453
1,bottom,-4,2,4,0.1428
1,bottom,-4,2,5,0.1453
1,bottom,-4,2,6,0.1453
1,bottom,-4,2,7,0.1478
1,bottom,-3,0,0,0.223
1,bottom,-3,0,1,0.2265
1,bottom,-3,0,2,0.2265
1,bottom,-3,0,3,0.2301
1,bottom,-3,0,4,0.2265
1,bottom,-3,0,5,0.2301
1,bottom,-3,0,6,0.2301
1,bottom,-3,0,7,0.2336
1,bottom,-3,1,0,0.2145
1,bottom,-3,1,1,0.2179
1,bottom,-3,1,2,0.2179
1,bottom,-3,1,3,0.2213
1,bottom,-3,1,4,0.2179
1,bottom,-3,1,5,0.2213
1,bottom,-3,1,6,0.2213
1,bottom,-3,1,7,0.2248
1,bottom,-3,2,0,0.2062
1,bottom,-3,2,1,0.2095
1,bottom,-3,2,2,0.2095
1,bottom,-3,2,3,0.2128
1,bottom,-3,2,4,0.2095
1,bottom,-3,2,5,0.2128
1,bottom,-3,2,6,0.2128
1,bottom,-3,2,7,0.2162
1,bottom,-2,0,0,0.3083
1,bottom,-2,0,1,0.3126
1,bottom,-2,0,2,0.3126
1,bottom,-2,0,3,0.3169
1,bottom,-2,0,4,0.3126
1,bottom,-2,0,5,0.3169
1,bottom,-2,0,6,0.3169
1,bottom,-2,0,7,0.3213
1,bottom,-2,1,0,0.2978
1,bottom,-2,1,1,0.302
1,bottom,-2,1,2,0.302
1,bottom,-2,1,3,0.3062
1,bottom,-2,1,4,0.302
1,bottom,-2,1,5,0.3062
1,bottom,-2,1,6,0.3062
1,bottom,-2,1,7,0.3105
1,bottom,-2,2,0,0.2874
1,bottom,-2,2,1,0.2915
1,bottom,-2,2,2,0.2915
1,bottom,-2,2,3,0.2957
1,bottom,-2,2,4,0.2915
1,bottom,-2,2,5,0.2957
1,bottom,-2,2,6,0.2957
1,bottom,-2,2,7,0.2999
1,bottom,-1,0,0,0.4032
1,bottom,-1,0,1,0.4081
1,bottom,-1,0,2,0.4081
1,bottom,-1,0,3,0.4129
1,bottom,-1,0,4,0.4081
1,bottom,-1,0,5,0.4129
1,bottom,-1,0,6,0.4129
1,bottom,-1,0,7,0.4178
1,bottom,-1,1,0,0.3913
1,bottom,-1,1,1,0.396
1,bottom,-1,1,2,0.396
1,bottom,-1,1,3,0.4008
1,bottom,-1,1,4,0.396
1,bottom,-1,1,5,0.4008
1,bottom,-1,1,6,0.4008
1,bottom,-1,1,7,0.4056
1,bottom,-1,2,0,0.3794
1,bottom,-1,2,1,0.3841
1,bottom,-1,2,2,0.3841
1,bottom,-1,2,3,0.3889
1,bottom,-1,2,4,0.3841
1,bottom,-1,2,5,0.3889
1,bottom,-1,2,6,0.3889
1,bottom,-1,2,7,0.3936
1,bottom,0,0,0,0.5
1,bottom,0,0,1,0.505
1,bottom,0,0,2,0.505
1,bottom,0,0,3,0.51
1,bottom,0,0,4,0.505
1,bottom,0,0,5,0.51
1,bottom,0,0,6,0.51
1,bottom,0,0,7,0.515
1,bottom,0,1,0,0.4875
1,bottom,0,1,1,0.4925
1,bottom,0,1,2,0.4925
1,bottom,0,1,3,0.4975
1,bottom,0,1,4,0.4925
1,bottom,0,1,5,0.4975
1,bottom,0,1,6,0.4975
1,bottom,0,1,7,0.5025
1,bottom,0,2,0,0.475
1,bottom,0,2,1,0.48
1,bottom,0,2,2,0.48
1,bottom,0,2,3,0.485
1,bottom,0,2,4,0.48
1,bottom,0,2,5,0.485
1,bottom,0,2,6,0.485
1,bottom,0,2,7,0.49
1,bottom,1,0,0,0.591
1,bottom,1,0,1,0.5958
1,bottom,1,0,2,0.5958
1,bottom,1,0,3,0.6006
1,bottom,1,0,4,0.5958
1,bottom,1,0,5,0.6006
1,bottom,1,0,6,0.6006
1,bottom,1,0,7,0.6054
1,bottom,1,1,0,0.5788
1,bottom,1,1,1,0.5837
1,bottom,1,1,2,0.5837
1,bottom,1,1,3,0.5886
1,bottom,1,1,4,0.5837
1,bottom,1,1,5,0.5886
1,bottom,1,1,6,0.5886
1,bottom,1,1,7,0.5934
1,bottom,1,2,0,0.5666
1,bottom,1,2,1,0.5715
1,bottom,1,2,2,0.5715
1,bottom,1,2,3,0.5764
1,bottom,1,2,4,0.5715
1,bottom,1,2,5,0.5764
1,bottom,1,2,6,0.5764
1,bottom,1,2,7,0.5813
1,bottom,2,0,0,0.6708
1,bottom,2,0,1,0.6752
1,bottom,2,0,2,0.6752
1,bottom,2,0,3,0.6796
1,bottom,2,0,4,0.6752
1,bottom,2,0,5,0.6796
1,bottom,2,0,6,0.6796
1,bottom,2,0,7,0.684
1,bottom,2,1,0,0.6597
1,bottom,2,1,1,0.6642
1,bottom,2,1,2,0.6642
1,bottom,2,1,3,0.6686
1,bottom,2,1,4,0.6642
1,bottom,2,1,5,0.6686
1,bottom,2,1,6,0.6686
1,bottom,2,1,7,0.673
1,bottom,2,2,0,0.6484
1,bottom,2,2,1,0.6529
1,bottom,2,2,2,0.6529
1,bottom,2,2,3,0.6575
1,bottom,2,2,4,0.6529
1,bottom,2,2,5,0.6575
1,bottom,2,2,6,0.6575
1,bottom,2,2,7,0.662
1,bottom,3,0,0,0.7373
1,bottom,3,0,1,0.7412
1,bottom,3,0,2,0.7412
1,bottom,3,0,3,0.745
1,bottom,3,0,4,0.7412
1,bottom,3,0,5,0.745
1,bottom,3,0,6,0.745
1,bottom,3,0,7,0.7488
1,bottom,3,1,0,0.7275
1,bottom,3,1,1,0.7315
1,bottom,3,1,2,0.7315
1,bottom,3,1,3,0.7354
1,bottom,3,1,4,0.7315
1,bottom,3,1,5,0.7354
1,bottom,3,1,6,0.7354
1,bottom,3,1,7,0.7392
1,bottom,3,2,0,0.7175
1,bottom,3,2,1,0.7215
1,bottom,3,2,2,0.7215
1,bottom,3,2,3,0.7255
1,bottom,3,2,4,0.7215
1,bottom,3,2,5,0.7255
1,bottom,3,2,6,0.7255
1,bottom,3,2,7,0.7295
1,bottom,4,0,0,0.7905
1,bottom,4,0,1,0.7938
1,bottom,4,0,2,0.7938
1,bottom,4,0,3,0.7971
1,bottom,4,0,4,0.7938
1,bottom,4,0,5,0.7971
1,bottom,4,0,6,0.7971
1,bottom,4,0,7,0.8003
1,bottom,4,1,0,0.7821
1,bottom,4,1,1,0.7855
1,bottom,4,1,2,0.7855
1,bottom,4,1,3,0.7888
1,bottom,4,1,4,0.7855
1,bottom,4,1,5,0.7888
1,bottom,4,1,6,0.7888
1,bottom,4,1,7,0.7922
1,bottom,4,2,0,0.7735
1,bottom,4,2,1,0.777
1,bottom,4,2,2,0.777
1,bottom,4,2,3,0.7804
1,bottom,4,2,4,0.777
1,bottom,4,2,5,0.7804
1,bottom,4,2,6,0.7804
1,bottom,4,2,7,0.7838
1,bottom,5,0,0,0.832
1,bottom,5,0,1,0.8348
1,bottom,5,0,2,0.8348
1,bottom,5,0,3,0.8375
1,bottom,5,0,4,0.8348
1,bottom,5,0,5,0.8375
1,bottom,5,0,6,0.8375
1,bottom,5,0,7,0.8402
1,bottom,5,1,0,0.8249
1,bottom,5,1,1,0.8278
1,bottom,5,1,2,0.8278
1,bottom,5,1,3,0.8306
1,bottom,5,1,4,0.8278
1,bottom,5,1,5,0.8306
1,bottom,5,1,6,0.8306
1,bottom,5,1,7,0.8334
1,bottom,5,2,0,0.8176
1,bottom,5,2,1,0.8205
1,bottom,5,2,2,0.8205
1,bottom,5,2,3,0.8235
1,bottom,5,2,4,0.8205
1,bottom,5,2,5,0.8235
1,bottom,5,2,6,0.8235
1,bottom,5,2,7,0.8264
1,bottom,6,0,0,0.8639
1,bottom,6,0,1,0.8662
1,bottom,6,0,2,0.8662
1,bottom,6,0,3,0.8685
1,bottom,6,0,4,0.8662
1,bottom,6,0,5,0.8685
1,bottom,6,0,6,0.8685
1,bottom,6,0,7,0.8708
1,bottom,6,1,0,0.8579
1,bottom,6,1,1,0.8603
1,bottom,6,1,2,0.8603
1,bottom,6,1,3,0.8627
1,bottom,6,1,4,0.8603
1,bottom,6,1,5,0.8627
1,bottom,6,1,6,0.8627
1,bottom,6,1,7,0.8651
1,bottom,6,2,0,0.8517
1,bottom,6,2,1,0.8542
1,bottom,6,2,2,0.8542
1,bottom,6,2,3,0.8567
1,bottom,6,2,4,0.8542
1,bottom,6,2,5,0.8567
1,bottom,6,2,6,0.8567
1,bottom,6,2,7,0.8591
1,bottom,7,0,0,0.8882
1,bottom,7,0,1,0.8901
1,bottom,7,0,2,0.8901
1,bottom,7,0,3,0.8921
1,bottom,7,0,4,0.8901
1,bottom,7,0,5,0.8921
1,bottom,7,0,6,0.8921
1,bottom,7,0,7,0.894
1,bottom,7,1,0,0.8831
1,bottom,7,1,1,0.8851
1,bottom,7,1,2,0.8851
1,bottom,7,1,3,0.8872
1,bottom,7,1,4,0.8851
1,bottom,7,1,5,0.8872
1,bottom,7,1,6,0.8872
1,bottom,7,1,7,0.8891
1,bottom,7,2,0,0.8778
1,bottom,7,2,1,0.88
1,bottom,7,2,2,0.88
1,bottom,7,2,3,0.8821
1,bottom,7,2,4,0.88
1,bottom,7,2,5,0.8821
1,bottom,7,2,6,0.8821
1,bottom,7,2,7,0.8841
1,bottom,8,0,0,0.9065
1,bottom,8,0,1,0.9082
1,bottom,8,0,2,0.9082
1,bottom,8,0,3,0.9099
1,bottom,8,0,4,0.9082
1,bottom,8,0,5,0.9099
1,bottom,8,0,6,0.9099
1,bottom,8,0,7,0.9115
1,bottom,8,1,0,0.9022
1,bottom,8,1,1,0.904
1,bottom,8,1,2,0.904
1,bottom,8,1,3,0.9057
1,bottom,8,1,4,0.904
1,bottom,8,1,5,0.9057
1,bottom,8,1,6,0.9057
1,bottom,8,1,7,0.9074
1,bottom,8,2,0,0.8977
1,bottom,8,2,1,0.8995
1,bottom,8,2,2,0.8995
1,bottom,8,2,3,0.9013
1,bottom,8,2,4,0.8995
1,bottom,8,2,5,0.9013
1,bottom,8,2,6,0.9013
1,bottom,8,2,7,0.9031
1,bottom,9,0,0,0.9204
1,bottom,9,0,1,0.9219
1,bottom,9,0,2,0.9219
1,bottom,9,0,3,0.9233
1,bottom,9,0,4,0.9219
1,bottom,9,0,5,0.9233
1,bottom,9,0,6,0.9233
1,bottom,9,0,7,0.9247
1,bottom,9,1,0,0.9167
1,bottom,9,1,1,0.9182
1,bottom,9,1,2,0.9182
1,bottom,9,1,3,0.9197
1,bottom,9,1,4,0.9182
1,bottom,9,1,5,0.9197
1,bottom,9,1,6,0.9197
1,bottom,9,1,7,0.9211
1,bottom,9,2,0,0.9128
1,bottom,9,2,1,0.9144
1,bottom,9,2,2,0.9144
1,bottom,9,2,3,0.9159
1,bottom,9,2,4,0.9144
1,bottom,9,2,5,0.9159
1,bottom,9,2,6,0.9159
1,bottom,9,2,7,0.9174
1,bottom,10,0,0,0.9309
1,bottom,10,0,1,0.9321
1,bottom,10,0,2,0.9321
1,bottom,10,0,3,0.9334
1,bottom,10,0,4,0.9321
1,bottom,10,0,5,0.9334
1,bottom,10,0,6,0.9334
1,bottom,10,0,7,0.9346
1,bottom,10,1,0,0.9276
1,bottom,10,1,1,0.9289
1,bottom,10,1,2,0.9289
1,bottom,10,1,3,0.9302
1,bottom,10,1,4,0.9289
1,bottom,10,1,5,0.9302
1,bottom,10,1,6,0.9302
1,bottom,10,1,7,0.9315
1,bottom,10,2,0,0.9241
1,bottom,10,2,1,0.9255
1,bottom,10,2,2,0.9255
1,bottom,10,2,3,0.9269
1,bottom,10,2,4,0.9255
1,bottom,10,2,5,0.9269
1,bottom,10,2,6,0.9269
1,bottom,10,2,7,0.9282
2,top,-10,0,0,0.0067
2,top,-10,0,1,0.0068
2,top,-10,0,2,0.0068
2,top,-10,0,3,0.007
2,top,-10,0,4,0.0068
2,top,-10,0,5,0.007
2,top,-10,0,6,0.007
2,top,-10,0,7,0.0071
2,top,-10,1,0,0.0064
2,top,-10,1,1,0.0065
2,top,-10,1,2,0.0065
2,top,-10,1,3,0.0066
2,top,-10,1,4,0.0065
2,top,-10,1,5,0.0066
2,top,-10,1,6,0.0066
2,top,-10,1,7,0.0068
2,top,-10,2,0,0.0061
2,top,-10,2,1,0.0062
2,top,-10,2,2,0.0062
2,top,-10,2,3,0.0063
2,top,-10,2,4,0.0062
2,top,-10,2,5,0.0063
2,top,-10,2,6,0.0063
2,top,-10,2,7,0.0064
2,top,-9,0,0,0.0122
2,top,-9,0,1,0.0125
2,top,-9,0,2,0.0125
2,top,-9,0,3,0.0127
2,top,-9,0,4,0.0125
2,top,-9,0,5,0.0127
2,top,-9,0,6,0.0127
2,top,-9,0,7,0.013
2,top,-9,1,0,0.0116
2,top,-9,1,1,0.0119
2,top,-9,1,2,0.0119
2,top,-9,1,3,0.0121
2,top,-9,1,4,0.0119
2,top,-9,1,5,0.0121
2,top,-9,1,6,0.0121
2,top,-9,1,7,0.0123
2,top,-9,2,0,0.0111
2,top,-9,2,1,0.0113
2,top,-9,2,2,0.0113
2,top,-9,2,3,0.0115
2,top,-9,2,4,0.0113
2,top,-9,2,5,0.0115
2,top,-9,2,6,0.0115
2,top,-9,2,7,0.0118
2,top,-8,0,0,0.0217
2,top,-8,0,1,0.0221
2,top,-8,0,2,0.0221
2,top,-8,0,3,0.0226
2,top,-8,0,4,0.0221
2,top,-8,0,5,0.0226
2,top,-8,0,6,0.0226
2,top,-8,0,7,0.023
2,top,-8,1,0,0.0207
2,top,-8,1,1,0.0211
2,top,-8,1,2,0.0211
2,top,-8,1,3,0.0215
2,top,-8,1,4,0.0211
2,top,-8,1,5,0.0215
2,top,-8,1,6,0.0215
2,top,-8,1,7,0.0219
2,top,-8,2,0,0.0197
2,top,-8,2,1,0.0201
2,top,-8,2,2,0.0201
2,top,-8,2,3,0.0205
2,top,-8,2,4,0.0201
2,top,-8,2,5,0.0205
2,top,-8,2,6,0.0205
2,top,-8,2,7,0.0209
2,top,-7,0,0,0.0374
2,top,-7,0,1,0.0381
2,top,-7,0,2,0.0381
2,top,-7,0,3,0.0389
2,top,-7,0,4,0.0381
2,top,-7,0,5,0.0389
2,top,-7,0,6,0.0389
2,top,-7,0,7,0.0396
2,top,-7,1,0,0.0356
2,top,-7,1,1,0.0363
2,top,-7,1,2,0.0363
2,top,-7,1,3,0.037
2,top,-7,1,4,0.0363
2,top,-7,1,5,0.037
2,top,-7,1,6,0.037
2,top,-7,1,7,0.0378
2,top,-7,2,0,0.034
2,top,-7,2,1,0.0346
2,top,-7,2,2,0.0346
2,top,-7,2,3,0.0353
2,top,-7,2,4,0.0346
2,top,-7,2,5,0.0353
2,top,-7,2,6,0.0353
2,top,-7,2,7,0.036
2,top,-6,0,0,0.0623
2,top,-6,0,1,0.0634
2,top,-6,0,2,0.0634
2,top,-6,0,3,0.0646
2,top,-6,0,4,0.0634
2,top,-6,0,5,0.0646
2,top,-6,0,6,0.0646
2,top,-6,0,7,0.0659
2,top,-6,1,0,0.0594
2,top,-6,1,1,0.0605
2,top,-6,1,2,0.0605
2,top,-6,1,3,0.0617
2,top,-6,1,4,0.0605
2,top,-6,1,5,0.0617
2,top,-6,1,6,0.0617
2,top,-6,1,7,0.0629
2,top,-6,2,0,0.0567
2,top,-6,2,1,0.0578
2,top,-6,2,2,0.0578
2,top,-6,2,3,0.0589
2,top,-6,2,4,0.0578
2,top,-6,2,5,0.0589
2,top,-6,2,6,0.0589
2,top,-6,2,7,0.06
2,top,-5,0,0,0.0998
2,top,-5,0,1,0.1016
2,top,-5,0,2,0.1016
2,top,-5,0,3,0.1034
2,top,-5,0,4,0.1016
2,top,-5,0,5,0.1034
2,top,-5,0,6,0.1034
2,top,-5,0,7,0.1053
2,top,-5,1,0,0.0953
2,top,-5,1,1,0.0971
2,top,-5,1,2,0.0971
2,top,-5,1,3,0.0989
2,top,-5,1,4,0.0971
2,top,-5,1,5,0.0989
2,top,-5,1,6,0.0989
2,top,-5,1,7,0.1007
2,top,-5,2,0,0.0911
2,top,-5,2,1,0.0928
2,top,-5,2,2,0.0928
2,top,-5,2,3,0.0945
2,top,-5,2,4,0.0928
2,top,-5,2,5,0.0945
2,top,-5,2,6,0.0945
2,top,-5,2,7,0.0962
2,top,-4,0,0,0.1529
2,top,-4,0,1,0.1555
2,top,-4,0,2,0.1555
2,top,-4,0,3,0.1582
2,top,-4,0,4,0.1555
2,top,-4,0,5,0.1582
2,top,-4,0,6,0.1582
2,top,-4,0,7,0.1608
2,top,-4,1,0,0.1465
2,top,-4,1,1,0.1491
2,top,-4,1,2,0.1491
2,top,-4,1,3,0.1516
2,top,-4,1,4,0.1491
2,top,-4,1,5,0.1516
2,top,-4,1,6,0.1516
2,top,-4,1,7,0.1542
2,top,-4,2,0,0.1404
2,top,-4,2,1,0.1428
2,top,-4,2,2,0.1428
2,top,-4,2,3,0.1453
2,top,-4,2,4,0.1428
2,top,-4,2,5,0.1453
2,top,-4,2,6,0.1453
2,top,-4,2,7,0.1478
2,top,-3,0,0,0.223
2,top,-3,0,1,0.2265
2,top,-3,0,2,0.2265
2,top,-3,0,3,0.2301
2,top,-3,0,4,0.2265
2,top,-3,0,5,0.2301
2,top,-3,0,6,0.2301
2,top,-3,0,7,0.2336
2,top,-3,1,0,0.2145
2,top,-3,1,1,0.2179
2,top,-3,1,2,0.2179
2,top,-3,1,3,0.2213
2,top,-3,1,4,0.2179
2,top,-3,1,5,0.2213
2,top,-3,1,6,0.2213
2,top,-3,1,7,0.2248
2,top,-3,2,0,0.2062
2,top,-3,2,1,0.2095
2,top,-3,2,2,0.2095
2,top,-3,2,3,0.2128
2,top,-3,2,4,0.2095
2,top,-3,2,5,0.2128
2,top,-3,2,6,0.2128
2,top,-3,2,7,0.2162
2,top,-2,0,0,0.3083
2,top,-2,0,1,0.3126
2,top,-2,0,2,0.3126
2,top,-2,0,3,0.3169
2,top,-2,0,4,0.3126
2,top,-2,0,5,0.3169
2,top,-2,0,6,0.3169
2,top,-2,0,7,0.3213
2,top,-2,1,0,0.2978
2,top,-2,1,1,0.302
2,top,-2,1,2,0.302
2,top,-2,1,3,0.3062
2,top,-2,1,4,0.302
2,top,-2,1,5,0.3062
2,top,-2,1,6,0.3062
2,top,-2,1,7,0.3105
2,top,-2,2,0,0.2874
2,top,-2,2,1,0.2915
2,top,-2,2,2,0.2915
2,top,-2,2,3,0.2957
2,top,-2,2,4,0.2915
2,top,-2,2,5,0.2957
2,top,-2,2,6,0.2957
2,top,-2,2,7,0.2999
2,top,-1,0,0,0.4032
2,top,-1,0,1,0.4081
2,top,-1,0,2,0.4081
2,top,-1,0,3,0.4129
2,top,-1,0,4,0.4081
2,top,-1,0,5,0.4129
2,top,-1,0,6,0.4129
2,top,-1,0,7,0.4178
2,top,-1,1,0,0.3913
2,top,-1,1,1,0.396
2,top,-1,1,2,0.396
2,top,-1,1,3,0.4008
2,top,-1,1,4,0.396
2,top,-1,1,5,0.4008
2,top,-1,1,6,0.4008
2,top,-1,1,7,0.4056
2,top,-1,2,0,0.3794
2,top,-1,2,1,0.3841
2,top,-1,2,2,0.3841
2,top,-1,2,3,0.3889
2,top,-1,2,4,0.3841
2,top,-1,2,5,0.3889
2,top,-1,2,6,0.3889
2,top,-1,2,7,0.3936
2,top,0,0,0,0.5
2,top,0,0,1,0.505
2,top,0,0,2,0.505
2,top,0,0,3,0.51
2,top,0,0,4,0.505
2,top,0,0,5,0.51
2,top,0,0,6,0.51
2,top,0,0,7,0.515
2,top,0,1,0,0.4875
2,top,0,1,1,0.4925
2,top,0,1,2,0.4925
2,top,0,1,3,0.4975
2,top,0,1,4,0.4925
2,top,0,1,5,0.4975
2,top,0,1,6,0.4975
2,top,0,1,7,0.5025
2,top,0,2,0,0.475
2,top,0,2,1,0.48
2,top,0,2,2,0.48
2,top,0,2,3,0.485
2,top,0,2,4,0.48
2,top,0,2,5,0.485
2,top,0,2,6,0.485
2,top,0,2,7,0.49
2,top,1,0,0,0.591
2,top,1,0,1,0.5958
2,top,1,0,2,0.5958
2,top,1,0,3,0.6006
2,top,1,0,4,0.5958
2,top,1,0,5,0.6006
2,top,1,0,6,0.6006
2,top,1,0,7,0.6054
2,top,1,1,0,0.5788
2,top,1,1,1,0.5837
2,top,1,1,2,0.5837
2,top,1,1,3,0.5886
2,top,1,1,4,0.5837
2,top,1,1,5,0.5886
2,top,1,1,6,0.5886
2,top,1,1,7,0.5934
2,top,1,2,0,0.5666
2,top,1,2,1,0.5715
2,top,1,2,2,0.5715
2,top,1,2,3,0.5764
2,top,1,2,4,0.5715
2,top,1,2,5,0.5764
2,top,1,2,6,0.5764
2,top,1,2,7,0.5813
2,top,2,0,0,0.6708
2,top,2,0,1,0.6752
2,top,2,0,2,0.6752
2,top,2,0,3,0.6796
2,top,2,0,4,0.6752
2,top,2,0,5,0.6796
2,top,2,0,6,0.6796
2,top,2,0,7,0.684
2,top,2,1,0,0.6597
2,top,2,1,1,0.6642
2,top,2,1,2,0.6642
2,top,2,1,3,0.6686
2,top,2,1,4,0.6642
2,top,2,1,5,0.6686
2,top,2,1,6,0.6686
2,top,2,1,7,0.673
2,top,2,2,0,0.6484
2,top,2,2,1,0.6529
2,top,2,2,2,0.6529
2,top,2,2,3,0.6575
2,top,2,2,4,0.6529
2,top,2,2,5,0.6575
2,top,2,2,6,0.6575
2,top,2,2,7,0.662
2,top,3,0,0,0.7373
2,top,3,0,1,0.7412
2,top,3,0,2,0.7412
2,top,3,0,3,0.745
2,top,3,0,4,0.7412
2,top,3,0,5,0.745
2,top,3,0,6,0.745
2,top,3,0,7,0.7488
2,top,3,1,0,0.7275
2,top,3,1,1,0.7315
2,top,3,1,2,0.7315
2,top,3,1,3,0.7354
2,top,3,1,4,0.7315
2,top,3,1,5,0.7354
2,top,3,1,6,0.7354
2,top,3,1,7,0.7392
2,top,3,2,0,0.7175
2,top,3,2,1,0.7215
2,top,3,2,2,0.7215
2,top,3,2,3,0.7255
2,top,3,2,4,0.7215
2,top,3,2,5,0.7255
2,top,3,2,6,0.7255
2,top,3,2,7,0.7295
2,top,4,0,0,0.7905
2,top,4,0,1,0.7938
2,top,4,0,2,0.7938
2,top,4,0,3,0.7971
2,top,4,0,4,0.7938
2,top,4,0,5,0.7971
2,top,4,0,6,0.7971
2,top,4,0,7,0.8003
2,top,4,1,0,0.7821
2,top,4,1,1,0.7855
2,top,4,1,2,0.7855
2,top,4,1,3,0.7888
2,top,4,1,4,0.7855
2,top,4,1,5,0.7888
2,top,4,1,6,0.7888
2,top,4,1,7,0.7922
2,top,4,2,0,0.7735
2,top,4,2,1,0.777
2,top,4,2,2,0.777
2,top,4,2,3,0.7804
2,top,4,2,4,0.777
2,top,4,2,5,0.7804
2,top,4,2,6,0.7804
2,top,4,2,7,0.7838
2,top,5,0,0,0.832
2,top,5,0,1,0.8348
2,top,5,0,2,0.8348
2,top,5,0,3,0.8375
2,top,5,0,4,0.8348
2,top,5,0,5,0.8375
2,top,5,0,6,0.8375
2,top,5,0,7,0.8402
2,top,5,1,0,0.8249
2,top,5,1,1,0.8278
2,top,5,1,2,0.8278
2,top,5,1,3,0.8306
2,top,5,1,4,0.8278
2,top,5,1,5,0.8306
2,top,5,1,6,0.8306
2,top,5,1,7,0.8334
2,top,5,2,0,0.8176
2,top,5,2,1,0.8205
2,top,5,2,2,0.8205
2,top,5,2,3,0.8235
2,top,5,2,4,0.8205
2,top,5,2,5,0.8235
2,top,5,2,6,0.8235
2,top,5,2,7,0.8264
2,top,6,0,0,0.8639
2,top,6,0,1,0.8662
2,top,6,0,2,0.8662
2,top,6,0,3,0.8685
2,top,6,0,4,0.8662
2,top,6,0,5,0.8685
2,top,6,0,6,0.8685
2,top,6,0,7,0.8708
2,top,6,1,0,0.8579
2,top,6,1,1,0.8603
2,top,6,1,2,0.8603
2,top,6,1,3,0.8627
2,top,6,1,4,0.8603
2,top,6,1,5,0.8627
2,top,6,1,6,0.8627
2,top,6,1,7,0.8651
2,top,6,2,0,0.8517
2,top,6,2,1,0.8542
2,top,6,2,2,0.8542
2,top,6,2,3,0.8567
2,top,6,2,4,0.8542
2,top,6,2,5,0.8567
2,top,6,2,6,0.8567
2,top,6,2,7,0.8591
2,top,7,0,0,0.8882
2,top,7,0,1,0.8901
2,top,7,0,2,0.8901
2,top,7,0,3,0.8921
2,top,7,0,4,0.8901
2,top,7,0,5,0.8921
2,top,7,0,6,0.8921
2,top,7,0,7,0.894
2,top,7,1,0,0.8831
2,top,7,1,1,0.8851
2,top,7,1,2,0.8851
2,top,7,1,3,0.8872
2,top,7,1,4,0.8851
2,top,7,1,5,0.8872
2,top,7,1,6,0.8872
2,top,7,1,7,0.8891
2,top,7,2,0,0.8778
2,top,7,2,1,0.88
2,top,7,2,2,0.88
2,top,7,2,3,0.8821
2,top,7,2,4,0.88
2,top,7,2,5,0.8821
2,top,7,2,6,0.8821
2,top,7,2,7,0.8841
2,top,8,0,0,0.9065
2,top,8,0,1,0.9082
2,top,8,0,2,0.9082
2,top,8,0,3,0.9099
2,top,8,0,4,0.9082
2,top,8,0,5,0.9099
2,top,8,0,6,0.9099
2,top,8,0,7,0.9115
2,top,8,1,0,0.9022
2,top,8,1,1,0.904
2,top,8,1,2,0.904
2,top,8,1,3,0.9057
2,top,8,1,4,0.904
2,top,8,1,5,0.9057
2,top,8,1,6,0.9057
2,top,8,1,7,0.9074
2,top,8,2,0,0.8977
2,top,8,2,1,0.8995
2,top,8,2,2,0.8995
2,top,8,2,3,0.9013
2,top,8,2,4,0.8995
2,top,8,2,5,0.9013
2,top,8,2,6,0.9013
2,top,8,2,7,0.9031
2,top,9,0,0,0.9204
2,top,9,0,1,0.9219
2,top,9,0,2,0.9219
2,top,9,0,3,0.9233
2,top,9,0,4,0.9219
2,top,9,0,5,0.9233
2,top,9,0,6,0.9233
2,top,9,0,7,0.9247
2,top,9,1,0,0.9167
2,top,9,1,1,0.9182
2,top,9,1,2,0.9182
2,top,9,1,3,0.9197
2,top,9,1,4,0.9182
2,top,9,1,5,0.9197
2,top,9,1,6,0.9197
2,top,9,1,7,0.9211
2,top,9,2,0,0.9128
2,top,9,2,1,0.9144
2,top,9,2,2,0.9144
2,top,9,2,3,0.9159
2,top,9,2,4,0.9144
2,top,9,2,5,0.9159
2,top,9,2,6,0.9159
2,top,9,2,7,0.9174
2,top,10,0,0,0.9309
2,top,10,0,1,0.9321
2,top,10,0,2,0.9321
2,top,10,0,3,0.9334
2,top,10,0,4,0.9321
2,top,10,0,5,0.9334
2,top,10,0,6,0.9334
2,top,10,0,7,0.9346
2,top,10,1,0,0.9276
2,top,10,1,1,0.9289
2,top,10,1,2,0.9289
2,top,10,1,3,0.9302
2,top,10,1,4,0.9289
2,top,10,1,5,0.9302
2,top,10,1,6,0.9302
2,top,10,1,7,0.9315
2,top,10,2,0,0.9241
2,top,10,2,1,0.9255
2,top,10,2,2,0.9255
2,top,10,2,3,0.9269
2,top,10,2,4,0.9255
2,top,10,2,5,0.9269
2,top,10,2,6,0.9269
2,top,10,2,7,0.9282
2,bottom,-10,0,0,0.0067
2,bottom,-10,0,1,0.0068
2,bottom,-10,0,2,0.0068
2,bottom,-10,0,3,0.007
2,bottom,-10,0,4,0.0068
2,bottom,-10,0,5,0.007
2,bottom,-10,0,6,0.007
2,bottom,-10,0,7,0.0071
2,bottom,-10,1,0,0.0064
2,bottom,-10,1,1,0.0065
2,bottom,-10,1,2,0.0065
2,bottom,-10,1,3,0.0066
2,bottom,-10,1,4,0.0065
2,bottom,-10,1,5,0.0066
2,bottom,-10,1,6,0.0066
2,bottom,-10,1,7,0.0068
2,bottom,-10,2,0,0.0061
2,bottom,-10,2,1,0.0062
2,bottom,-10,2,2,0.0062
2,bottom,-10,2,3,0.0063
2,bottom,-10,2,4,0.0062
2,bottom,-10,2,5,0.0063
2,bottom,-10,2,6,0.0063
2,bottom,-10,2,7,0.0064
2,bottom,-9,0,0,0.0122
2,bottom,-9,0,1,0.0125
2,bottom,-9,0,2,0.0125
2,bottom,-9,0,3,0.0127
2,bottom,-9,0,4,0.0125
2,bottom,-9,0,5,0.0127
2,bottom,-9,0,6,0.0127
2,bottom,-9,0,7,0.013
2,bottom,-9,1,0,0.0116
2,bottom,-9,1,1,0.0119
2,bottom,-9,1,2,0.0119
2,bottom,-9,1,3,0.0121
2,bottom,-9,1,4,0.0119
2,bottom,-9,1,5,0.0121
2,bottom,-9,1,6,0.0121
2,bottom,-9,1,7,0.0123
2,bottom,-9,2,0,0.0111
2,bottom,-9,2,1,0.0113
2,bottom,-9,2,2,0.0113
2,bottom,-9,2,3,0.0115
2,bottom,-9,2,4,0.0113
2,bottom,-9,2,5,0.0115
2,bottom,-9,2,6,0.0115
2,bottom,-9,2,7,0.0118
2,bottom,-8,0,0,0.0217
2,bottom,-8,0,1,0.0221
2,bottom,-8,0,2,0.0221
2,bottom,-8,0,3,0.0226
2,bottom,-8,0,4,0.0221
2,bottom,-8,0,5,0.0226
2,bottom,-8,0,6,0.0226
2,bottom,-8,0,7,0.023
2,bottom,-8,1,0,0.0207
2,bottom,-8,1,1,0.0211
2,bottom,-8,1,2,0.0211
2,bottom,-8,1,3,0.0215
2,bottom,-8,1,4,0.0211
2,bottom,-8,1,5,0.0215
2,bottom,-8,1,6,0.0215
2,bottom,-8,1,7,0.0219
2,bottom,-8,2,0,0.0197
2,bottom,-8,2,1,0.0201
2,bottom,-8,2,2,0.0201
2,bottom,-8,2,3,0.0205
2,bottom,-8,2,4,0.0201
2,bottom,-8,2,5,0.0205
2,bottom,-8,2,6,0.0205
2,bottom,-8,2,7,0.0209
2,bottom,-7,0,0,0.0374
2,bottom,-7,0,1,0.0381
2,bottom,-7,0,2,0.0381
2,bottom,-7,0,3,0.0389
2,bottom,-7,0,4,0.0381
2,bottom,-7,0,5,0.0389
2,bottom,-7,0,6,0.0389
2,bottom,-7,0,7,0.0396
2,bottom,-7,1,0,0.0356
2,bottom,-7,1,1,0.0363
2,bottom,-7,1,2,0.0363
2,bottom,-7,1,3,0.037
2,bottom,-7,1,4,0.0363
2,bottom,-7,1,5,0.037
2,bottom,-7,1,6,0.037
2,bottom,-7,1,7,0.0378
2,bottom,-7,2,0,0.034
2,bottom,-7,2,1,0.0346
2,bottom,-7,2,2,0.0346
2,bottom,-7,2,3,0.0353
2,bottom,-7,2,4,0.0346
2,bottom,-7,2,5,0.0353
2,bottom,-7,2,6,0.0353
2,bottom,-7,2,7,0.036
2,bottom,-6,0,0,0.0623
2,bottom,-6,0,1,0.0634
2,bottom,-6,0,2,0.0634
2,bottom,-6,0,3,0.0646
2,bottom,-6,0,4,0.0634
2,bottom,-6,0,5,0.0646
2,bottom,-6,0,6,0.0646
2,bottom,-6,0,7,0.0659
2,bottom,-6,1,0,0.0594
2,bottom,-6,1,1,0.0605
2,bottom,-6,1,2,0.0605
2,bottom,-6,1,3,0.0617
2,bottom,-6,1,4,0.0605
2,bottom,-6,1,5,0.0617
2,bottom,-6,1,6,0.0617
2,bottom,-6,1,7,0.0629
2,bottom,-6,2,0,0.0567
2,bottom,-6,2,1,0.0578
2,bottom,-6,2,2,0.0578
2,bottom,-6,2,3,0.0589
2,bottom,-6,2,4,0.0578
2,bottom,-6,2,5,0.0589
2,bottom,-6,2,6,0.0589
2,bottom,-6,2,7,0.06
2,bottom,-5,0,0,0.0998
2,bottom,-5,0,1,0.1016
2,bottom,-5,0,2,0.1016
2,bottom,-5,0,3,0.1034
2,bottom,-5,0,4,0.1016
2,bottom,-5,0,5,0.1034
2,bottom,-5,0,6,0.1034
2,bottom,-5,0,7,0.1053
2,bottom,-5,1,0,0.0953
2,bottom,-5,1,1,0.0971
2,bottom,-5,1,2,0.0971
2,bottom,-5,1,3,0.0989
2,bottom,-5,1,4,0.0971
2,bottom,-5,1,5,0.0989
2,bottom,-5,1,6,0.0989
2,bottom,-5,1,7,0.1007
2,bottom,-5,2,0,0.0911
2,bottom,-5,2,1,0.0928
2,bottom,-5,2,2,0.0928
2,bottom,-5,2,3,0.0945
2,bottom,-5,2,4,0.0928
2,bottom,-5,2,5,0.0945
2,bottom,-5,2,6,0.0945
2,bottom,-5,2,7,0.0962
2,bottom,-4,0,0,0.1529
2,bottom,-4,0,1,0.1555
2,bottom,-4,0,2,0.1555
2,bottom,-4,0,3,0.1582
2,bottom,-4,0,4,0.1555
2,bottom,-4,0,5,0.1582
2,bottom,-4,0,6,0.1582
2,bottom,-4,0,7,0.1608
2,bottom,-4,1,0,0.1465
2,bottom,-4,1,1,0.1491
2,bottom,-4,1,2,0.1491
2,bottom,-4,1,3,0.1516
2,bottom,-4,1,4,0.1491
2,bottom,-4,1,5,0.1516
2,bottom,-4,1,6,0.1516
2,bottom,-4,1,7,0.1542
2,bottom,-4,2,0,0.1404
2,bottom,-4,2,1,0.1428
2,bottom,-4,2,2,0.1428
2,bottom,-4,2,3,0.1453
2,bottom,-4,2,4,0.1428
2,bottom,-4,2,5,0.1453
2,bottom,-4,2,6,0.1453
2,bottom,-4,2,7,0.1478
2,bottom,-3,0,0,0.223
2,bottom,-3,0,1,0.2265
2,bottom,-3,0,2,0.2265
2,bottom,-3,0,3,0.2301
2,bottom,-3,0,4,0.2265
2,bottom,-3,0,5,0.2301
2,bottom,-3,0,6,0.2301
2,bottom,-3,0,7,0.2336
2,bottom,-3,1,0,0.2145
2,bottom,-3,1,1,0.2179
2,bottom,-3,1,2,0.2179
2,bottom,-3,1,3,0.2213
2,bottom,-3,1,4,0.2179
2,bottom,-3,1,5,0.2213
2,bottom,-3,1,6,0.2213
2,bottom,-3,1,7,0.2248
2,bottom,-3,2,0,0.2062
2,bottom,-3,2,1,0.2095
2,bottom,-3,2,2,0.2095
2,bottom,-3,2,3,0.2128
2,bottom,-3,2,4,0.2095
2,bottom,-3,2,5,0.2128
2,bottom,-3,2,6,0.2128
2,bottom,-3,2,7,0.2162
2,bottom,-2,0,0,0.3083
2,bottom,-2,0,1,0.3126
2,bottom,-2,0,2,0.3126
2,bottom,-2,0,3,0.3169
2,bottom,-2,0,4,0.3126
2,bottom,-2,0,5,0.3169
2,bottom,-2,0,6,0.3169
2,bottom,-2,0,7,0.3213
2,bottom,-2,1,0,0.2978
2,bottom,-2,1,1,0.302
2,bottom,-2,1,2,0.302
2,bottom,-2,1,3,0.3062
2,bottom,-2,1,4,0.302
2,bottom,-2,1,5,0.3062
2,bottom,-2,1,6,0.3062
2,bottom,-2,1,7,0.3105
2,bottom,-2,2,0,0.2874
2,bottom,-2,2,1,0.2915
2,bottom,-2,2,2,0.2915
2,bottom,-2,2,3,0.2957
2,bottom,-2,2,4,0.2915
2,bottom,-2,2,5,0.2957
2,bottom,-2,2,6,0.2957
2,bottom,-2,2,7,0.2999
2,bottom,-1,0,0,0.4032
2,bottom,-1,0,1,0.4081
2,bottom,-1,0,2,0.4081
2,bottom,-1,0,3,0.4129
2,bottom,-1,0,4,0.4081
2,bottom,-1,0,5,0.4129
2,bottom,-1,0,6,0.4129
2,bottom,-1,0,7,0.4178
2,bottom,-1,1,0,0.3913
2,bottom,-1,1,1,0.396
2,bottom,-1,1,2,0.396
2,bottom,-1,1,3,0.4008
2,bottom,-1,1,4,0.396
2,bottom,-1,1,5,0.4008
2,bottom,-1,1,6,0.4008
2,bottom,-1,1,7,0.4056
2,bottom,-1,2,0,0.3794
2,bottom,-1,2,1,0.3841
2,bottom,-1,2,2,0.3841
2,bottom,-1,2,3,0.3889
2,bottom,-1,2,4,0.3841
2,bottom,-1,2,5,0.3889
2,bottom,-1,2,6,0.3889
2,bottom,-1,2,7,0.3936
2,bottom,0,0,0,0.5
2,bottom,0,0,1,0.505
2,bottom,0,0,2,0.505
2,bottom,0,0,3,0.51
2,bottom,0,0,4,0.505
2,bottom,0,0,5,0.51
2,bottom,0,0,6,0.51
2,bottom,0,0,7,0.515
2,bottom,0,1,0,0.4875
2,bottom,0,1,1,0.4925
2,bottom,0,1,2,0.4925
2,bottom,0,1,3,0.4975
2,bottom,0,1,4,0.4925
2,bottom,0,1,5,0.4975
2,bottom,0,1,6,0.4975
2,bottom,0,1,7,0.5025
2,bottom,0,2,0,0.475
2,bottom,0,2,1,0.48
2,bottom,0,2,2,0.48
2,bottom,0,2,3,0.485
2,bottom,0,2,4,0.48
2,bottom,0,2,5,0.485
2,bottom,0,2,6,0.485
2,bottom,0,2,7,0.49
2,bottom,1,0,0,0.591
2,bottom,1,0,1,0.5958
2,bottom,1,0,2,0.5958
2,bottom,1,0,3,0.6006
2,bottom,1,0,4,0.5958
2,bottom,1,0,5,0.6006
2,bottom,1,0,6,0.6006
2,bottom,1,0,7,0.6054
2,bottom,1,1,0,0.5788
2,bottom,1,1,1,0.5837
2,bottom,1,1,2,0.5837
2,bottom,1,1,3,0.5886
2,bottom,1,1,4,0.5837
2,bottom,1,1,5,0.5886
2,bottom,1,1,6,0.5886
2,bottom,1,1,7,0.5934
2,bottom,1,2,0,0.5666
2,bottom,1,2,1,0.5715
2,bottom,1,2,2,0.5715
2,bottom,1,2,3,0.5764
2,bottom,1,2,4,0.5715
2,bottom,1,2,5,0.5764
2,bottom,1,2,6,0.5764
2,bottom,1,2,7,0.5813
2,bottom,2,0,0,0.6708
2,bottom,2,0,1,0.6752
2,bottom,2,0,2,0.6752
2,bottom,2,0,3,0.6796
2,bottom,2,0,4,0.6752
2,bottom,2,0,5,0.6796
2,bottom,2,0,6,0.6796
2,bottom,2,0,7,0.684
2,bottom,2,1,0,0.6597
2,bottom,2,1,1,0.6642
2,bottom,2,1,2,0.6642
2,bottom,2,1,3,0.6686
2,bottom,2,1,4,0.6642
2,bottom,2,1,5,0.6686
2,bottom,2,1,6,0.6686
2,bottom,2,1,7,0.673
2,bottom,2,2,0,0.6484
2,bottom,2,2,1,0.6529
2,bottom,2,2,2,0.6529
2,bottom,2,2,3,0.6575
2,bottom,2,2,4,0.6529
2,bottom,2,2,5,0.6575
2,bottom,2,2,6,0.6575
2,bottom,2,2,7,0.662
2,bottom,3,0,0,0.7373
2,bottom,3,0,1,0.7412
2,bottom,3,0,2,0.7412
2,bottom,3,0,3,0.745
2,bottom,3,0,4,0.7412
2,bottom,3,0,5,0.745
2,bottom,3,0,6,0.745
2,bottom,3,0,7,0.7488
2,bottom,3,1,0,0.7275
2,bottom,3,1,1,0.7315
2,bottom,3,1,2,0.7315
2,bottom,3,1,3,0.7354
2,bottom,3,1,4,0.7315
2,bottom,3,1,5,0.7354
2,bottom,3,1,6,0.7354
2,bottom,3,1,7,0.7392
2,bottom,3,2,0,0.7175
2,bottom,3,2,1,0.7215
2,bottom,3,2,2,0.7215
2,bottom,3,2,3,0.7255
2,bottom,3,2,4,0.7215
2,bottom,3,2,5,0.7255
2,bottom,3,2,6,0.7255
2,bottom,3,2,7,0.7295
2,bottom,4,0,0,0.7905
2,bottom,4,0,1,0.7938
2,bottom,4,0,2,0.7938
2,bottom,4,0,3,0.7971
2,bottom,4,0,4,0.7938
2,bottom,4,0,5,0.7971
2,bottom,4,0,6,0.7971
2,bottom,4,0,7,0.8003
2,bottom,4,1,0,0.7821
2,bottom,4,1,1,0.7855
2,bottom,4,1,2,0.7855
2,bottom,4,1,3,0.7888
2,bottom,4,1,4,0.7855
2,bottom,4,1,5,0.7888
2,bottom,4,1,6,0.7888
2,bottom,4,1,7,0.7922
2,bottom,4,2,0,0.7735
2,bottom,4,2,1,0.777
2,bottom,4,2,2,0.777
2,bottom,4,2,3,0.7804
2,bottom,4,2,4,0.777
2,bottom,4,2,5,0.7804
2,bottom,4,2,6,0.7804
2,bottom,4,2,7,0.7838
2,bottom,5,0,0,0.832
2,bottom,5,0,1,0.8348
2,bottom,5,0,2,0.8348
2,bottom,5,0,3,0.8375
2,bottom,5,0,4,0.8348
2,bottom,5,0,5,0.8375
2,bottom,5,0,6,0.8375
2,bottom,5,0,7,0.8402
2,bottom,5,1,0,0.8249
2,bottom,5,1,1,0.8278
2,bottom,5,1,2,0.8278
2,bottom,5,1,3,0.8306
2,bottom,5,1,4,0.8278
2,bottom,5,1,5,0.8306
2,bottom,5,1,6,0.8306
2,bottom,5,1,7,0.8334
2,bottom,5,2,0,0.8176
2,bottom,5,2,1,0.8205
2,bottom,5,2,2,0.8205
2,bottom,5,2,3,0.8235
2,bottom,5,2,4,0.8205
2,bottom,5,2,5,0.8235
2,bottom,5,2,6,0.8235
2,bottom,5,2,7,0.8264
2,bottom,6,0,0,0.8639
2,bottom,6,0,1,0.8662
2,bottom,6,0,2,0.8662
2,bottom,6,0,3,0.8685
2,bottom,6,0,4,0.8662
2,bottom,6,0,5,0.8685
2,bottom,6,0,6,0.8685
2,bottom,6,0,7,0.8708
2,bottom,6,1,0,0.8579
2,bottom,6,1,1,0.8603
2,bottom,6,1,2,0.8603
2,bottom,6,1,3,0.8627
2,bottom,6,1,4,0.8603
2,bottom,6,1,5,0.8627
2,bottom,6,1,6,0.8627
2,bottom,6,1,7,0.8651
2,bottom,6,2,0,0.8517
2,bottom,6,2,1,0.8542
2,bottom,6,2,2,0.8542
2,bottom,6,2,3,0.8567
2,bottom,6,2,4,0.8542
2,bottom,6,2,5,0.8567
2,bottom,6,2,6,0.8567
2,bottom,6,2,7,0.8591
2,bottom,7,0,0,0.8882
2,bottom,7,0,1,0.8901
2,bottom,7,0,2,0.8901
2,bottom,7,0,3,0.8921
2,bottom,7,0,4,0.8901
2,bottom,7,0,5,0.8921
2,bottom,7,0,6,0.8921
2,bottom,7,0,7,0.894
2,bottom,7,1,0,0.8831
2,bottom,7,1,1,0.8851
2,bottom,7,1,2,0.8851
2,bottom,7,1,3,0.8872
2,bottom,7,1,4,0.8851
2,bottom,7,1,5,0.8872
2,bottom,7,1,6,0.8872
2,bottom,7,1,7,0.8891
2,bottom,7,2,0,0.8778
2,bottom,7,2,1,0.88
2,bottom,7,2,2,0.88
2,bottom,7,2,3,0.8821
2,bottom,7,2,4,0.88
2,bottom,7,2,5,0.8821
2,bottom,7,2,6,0.8821
2,bottom,7,2,7,0.8841
2,bottom,8,0,0,0.9065
2,bottom,8,0,1,0.9082
2,bottom,8,0,2,0.9082
2,bottom,8,0,3,0.9099
2,bottom,8,0,4,0.9082
2,bottom,8,0,5,0.9099
2,bottom,8,0,6,0.9099
2,bottom,8,0,7,0.9115
2,bottom,8,1,0,0.9022
2,bottom,8,1,1,0.904
2,bottom,8,1,2,0.904
2,bottom,8,1,3,0.9057
2,bottom,8,1,4,0.904
2,bottom,8,1,5,0.9057
2,bottom,8,1,6,0.9057
2,bottom,8,1,7,0.9074
2,bottom,8,2,0,0.8977
2,bottom,8,2,1,0.8995
2,bottom,8,2,2,0.8995
2,bottom,8,2,3,0.9013
2,bottom,8,2,4,0.8995
2,bottom,8,2,5,0.9013
2,bottom,8,2,6,0.9013
2,bottom,8,2,7,0.9031
2,bottom,9,0,0,0.9204
2,bottom,9,0,1,0.9219
2,bottom,9,0,2,0.9219
2,bottom,9,0,3,0.9233
2,bottom,9,0,4,0.9219
2,bottom,9,0,5,0.9233
2,bottom,9,0,6,0.9233
2,bottom,9,0,7,0.9247
2,bottom,9,1,0,0.9167
2,bottom,9,1,1,0.9182
2,bottom,9,1,2,0.9182
2,bottom,9,1,3,0.9197
2,bottom,9,1,4,0.9182
2,bottom,9,1,5,0.9197
2,bottom,9,1,6,0.9197
2,bottom,9,1,7,0.9211
2,bottom,9,2,0,0.9128
2,bottom,9,2,1,0.9144
2,bottom,9,2,2,0.9144
2,bottom,9,2,3,0.9159
2,bottom,9,2,4,0.9144
2,bottom,9,2,5,0.9159
2,bottom,9,2,6,0.9159
2,bottom,9,2,7,0.9174
2,bottom,10,0,0,0.9309
2,bottom,10,0,1,0.9321
2,bottom,10,0,2,0.9321
2,bottom,10,0,3,0.9334
2,bottom,10,0,4,0.9321
2,bottom,10,0,5,0.9334
2,bottom,10,0,6,0.9334
2,bottom,10,0,7,0.9346
2,bottom,10,1,0,0.9276
2,bottom,10,1,1,0.9289
2,bottom,10,1,2,0.9289
2,bottom,10,1,3,0.9302
2,bottom,10,1,4,0.9289
2,bottom,10,1,5,0.9302
2,bottom,10,1,6,0.9302
2,bottom,10,1,7,0.9315
2,bottom,10,2,0,0.9241
2,bottom,10,2,1,0.9255
2,bottom,10,2,2,0.9255
2,bottom,10,2,3,0.9269
2,bottom,10,2,4,0.9255
2,bottom,10,2,5,0.9269
2,bottom,10,2,6,0.9269
2,bottom,10,2,7,0.9282
3,top,-10,0,0,0.0067
3,top,-10,0,1,0.0068
3,top,-10,0,2,0.0068
3,top,-10,0,3,0.007
3,top,-10,0,4,0.0068
3,top,-10,0,5,0.007
3,top,-10,0,6,0.007
3,top,-10,0,7,0.0071
3,top,-10,1,0,0.0064
3,top,-10,1,1,0.0065
3,top,-10,1,2,0.0065
3,top,-10,1,3,0.0066
3,top,-10,1,4,0.0065
3,top,-10,1,5,0.0066
3,top,-10,1,6,0.0066
3,top,-10,1,7,0.0068
3,top,-10,2,0,0.0061
3,top,-10,2,1,0.0062
3,top,-10,2,2,0.0062
3,top,-10,2,3,0.0063
3,top,-10,2,4,0.0062
3,top,-10,2,5,0.0063
3,top,-10,2,6,0.0063
3,top,-10,2,7,0.0064
3,top,-9,0,0,0.0122
3,top,-9,0,1,0.0125
3,top,-9,0,2,0.0125
3,top,-9,0,3,0.0127
3,top,-9,0,4,0.0125
3,top,-9,0,5,0.0127
3,top,-9,0,6,0.0127
3,top,-9,0,7,0.013
3,top,-9,1,0,0.0116
3,top,-9,1,1,0.0119
3,top,-9,1,2,0.0119
3,top,-9,1,3,0.0121
3,top,-9,1,4,0.0119
3,top,-9,1,5,0.0121
3,top,-9,1,6,0.0121
3,top,-9,1,7,0.0123
3,top,-9,2,0,0.0111
3,top,-9,2,1,0.0113
3,top,-9,2,2,0.0113
3,top,-9,2,3,0.0115
3,top,-9,2,4,0.0113
3,top,-9,2,5,0.0115
3,top,-9,2,6,0.0115
3,top,-9,2,7,0.0118
3,top,-8,0,0,0.0217
3,top,-8,0,1,0.0221
3,top,-8,0,2,0.0221
3,top,-8,0,3,0.0226
3,top,-8,0,4,0.0221
3,top,-8,0,5,0.0226
3,top,-8,0,6,0.0226
3,top,-8,0,7,0.023
3,top,-8,1,0,0.0207
3,top,-8,1,1,0.0211
3,top,-8,1,2,0.0211
3,top,-8,1,3,0.0215
3,top,-8,1,4,0.0211
3,top,-8,1,5,0.0215
3,top,-8,1,6,0.0215
3,top,-8,1,7,0.0219
3,top,-8,2,0,0.0197
3,top,-8,2,1,0.0201
3,top,-8,2,2,0.0201
3,top,-8,2,3,0.0205
3,top,-8,2,4,0.0201
3,top,-8,2,5,0.0205
3,top,-8,2,6,0.0205
3,top,-8,2,7,0.0209
3,top,-7,0,0,0.0374
3,top,-7,0,1,0.0381
3,top,-7,0,2,0.0381
3,top,-7,0,3,0.0389
3,top,-7,0,4,0.0381
3,top,-7,0,5,0.0389
3,top,-7,0,6,0.0389
3,top,-7,0,7,0.0396
3,top,-7,1,0,0.0356
3,top,-7,1,1,0.0363
3,top,-7,1,2,0.0363
3,top,-7,1,3,0.037
3,top,-7,1,4,0.0363
3,top,-7,1,5,0.037
3,top,-7,1,6,0.037
3,top,-7,1,7,0.0378
3,top,-7,2,0,0.034
3,top,-7,2,1,0.0346
3,top,-7,2,2,0.0346
3,top,-7,2,3,0.0353
3,top,-7,2,4,0.0346
3,top,-7,2,5,0.0353
3,top,-7,2,6,0.0353
3,top,-7,2,7,0.036
3,top,-6,0,0,0.0623
3,top,-6,0,1,0.0634
3,top,-6,0,2,0.0634
3,top,-6,0,3,0.0646
3,top,-6,0,4,0.0634
3,top,-6,0,5,0.0646
3,top,-6,0,6,0.0646
3,top,-6,0,7,0.0659
3,top,-6,1,0,0.0594
3,top,-6,1,1,0.0605
3,top,-6,1,2,0.0605
3,top,-6,1,3,0.0617
3,top,-6,1,4,0.0605
3,top,-6,1,5,0.0617
3,top,-6,1,6,0.0617
3,top,-6,1,7,0.0629
3,top,-6,2,0,0.0567
3,top,-6,2,1,0.0578
3,top,-6,2,2,0.0578
3,top,-6,2,3,0.0589
3,top,-6,2,4,0.0578
3,top,-6,2,5,0.0589
3,top,-6,2,6,0.0589
3,top,-6,2,7,0.06
3,top,-5,0,0,0.0998
3,top,-5,0,1,0.1016
3,top,-5,0,2,0.1016
3,top,-5,0,3,0.1034
3,top,-5,0,4,0.1016
3,top,-5,0,5,0.1034
3,top,-5,0,6,0.1034
3,top,-5,0,7,0.1053
3,top,-5,1,0,0.0953
3,top,-5,1,1,0.0971
3,top,-5,1,2,0.0971
3,top,-5,1,3,0.0989
3,top,-5,1,4,0.0971
3,top,-5,1,5,0.0989
3,top,-5,1,6,0.0989
3,top,-5,1,7,0.1007
3,top,-5,2,0,0.0911
3,top,-5,2,1,0.0928
3,top,-5,2,2,0.0928
3,top,-5,2,3,0.0945
3,top,-5,2,4,0.0928
3,top,-5,2,5,0.0945
3,top,-5,2,6,0.0945
3,top,-5,2,7,0.0962
3,top,-4,0,0,0.1529
3,top,-4,0,1,0.1555
3,top,-4,0,2,0.1555
3,top,-4,0,3,0.1582
3,top,-4,0,4,0.1555
3,top,-4,0,5,0.1582
3,top,-4,0,6,0.1582
3,top,-4,0,7,0.1608
3,top,-4,1,0,0.1465
3,top,-4,1,1,0.1491
3,top,-4,1,2,0.1491
3,top,-4,1,3,0.1516
3,top,-4,1,4,0.1491
3,top,-4,1,5,0.1516
3,top,-4,1,6,0.1516
3,top,-4,1,7,0.1542
3,top,-4,2,0,0.1404
3,top,-4,2,1,0.1428
3,top,-4,2,2,0.1428
3,top,-4,2,3,0.1453
3,top,-4,2,4,0.1428
3,top,-4,2,5,0.1453
3,top,-4,2,6,0.1453
3,top,-4,2,7,0.1478
3,top,-3,0,0,0.223
3,top,-3,0,1,0.2265
3,top,-3,0,2,0.2265
3,top,-3,0,3,0.2301
3,top,-3,0,4,0.2265
3,top,-3,0,5,0.2301
3,top,-3,0,6,0.2301
3,top,-3,0,7,0.2336
3,top,-3,1,0,0.2145
3,top,-3,1,1,0.2179
3,top,-3,1,2,0.2179
3,top,-3,1,3,0.2213
3,top,-3,1,4,0.2179
3,top,-3,1,5,0.2213
3,top,-3,1,6,0.2213
3,top,-3,1,7,0.2248
3,top,-3,2,0,0.2062
3,top,-3,2,1,0.2095
3,top,-3,2,2,0.2095
3,top,-3,2,3,0.2128
3,top,-3,2,4,0.2095
3,top,-3,2,5,0.2128
3,top,-3,2,6,0.2128
3,top,-3,2,7,0.2162
3,top,-2,0,0,0.3083
3,top,-2,0,1,0.3126
3,top,-2,0,2,0.3126
3,top,-2,0,3,0.3169
3,top,-2,0,4,0.3126
3,top,-2,0,5,0.3169
3,top,-2,0,6,0.3169
3,top,-2,0,7,0.3213
3,top,-2,1,0,0.2978
3,top,-2,1,1,0.302
3,top,-2,1,2,0.302
3,top,-2,1,3,0.3062
3,top,-2,1,4,0.302
3,top,-2,1,5,0.3062
3,top,-2,1,6,0.3062
3,top,-2,1,7,0.3105
3,top,-2,2,0,0.2874
3,top,-2,2,1,0.2915
3,top,-2,2,2,0.2915
3,top,-2,2,3,0.2957
3,top,-2,2,4,0.2915
3,top,-2,2,5,0.2957
3,top,-2,2,6,0.2957
3,top,-2,2,7,0.2999
3,top,-1,0,0,0.4032
3,top,-1,0,1,0.4081
3,top,-1,0,2,0.4081
3,top,-1,0,3,0.4129
3,top,-1,0,4,0.4081
3,top,-1,0,5,0.4129
3,top,-1,0,6,0.4129
3,top,-1,0,7,0.4178
3,top,-1,1,0,0.3913
3,top,-1,1,1,0.396
3,top,-1,1,2,0.396
3,top,-1,1,3,0.4008
3,top,-1,1,4,0.396
3,top,-1,1,5,0.4008
3,top,-1,1,6,0.4008
3,top,-1,1,7,0.4056
3,top,-1,2,0,0.3794
3,top,-1,2,1,0.3841
3,top,-1,2,2,0.3841
3,top,-1,2,3,0.3889
3,top,-1,2,4,0.3841
3,top,-1,2,5,0.3889
3,top,-1,2,6,0.3889
3,top,-1,2,7,0.3936
3,top,0,0,0,0.5
3,top,0,0,1,0.505
3,top,0,0,2,0.505
3,top,0,0,3,0.51
3,top,0,0,4,0.505
3,top,0,0,5,0.51
3,top,0,0,6,0.51
3,top,0,0,7,0.515
3,top,0,1,0,0.4875
3,top,0,1,1,0.4925
3,top,0,1,2,0.4925
3,top,0,1,3,0.4975
3,top,0,1,4,0.4925
3,top,0,1,5,0.4975
3,top,0,1,6,0.4975
3,top,0,1,7,0.5025
3,top,0,2,0,0.475
3,top,0,2,1,0.48
3,top,0,2,2,0.48
3,top,0,2,3,0.485
3,top,0,2,4,0.48
3,top,0,2,5,0.485
3,top,0,2,6,0.485
3,top,0,2,7,0.49
3,top,1,0,0,0.591
3,top,1,0,1,0.5958
3,top,1,0,2,0.5958
3,top,1,0,3,0.6006
3,top,1,0,4,0.5958
3,top,1,0,5,0.6006
3,top,1,0,6,0.6006
3,top,1,0,7,0.6054
3,top,1,1,0,0.5788
3,top,1,1,1,0.5837
3,top,1,1,2,0.5837
3,top,1,1,3,0.5886
3,top,1,1,4,0.5837
3,top,1,1,5,0.5886
3,top,1,1,6,0.5886
3,top,1,1,7,0.5934
3,top,1,2,0,0.5666
3,top,1,2,1,0.5715
3,top,1,2,2,0.5715
3,top,1,2,3,0.5764
3,top,1,2,4,0.5715
3,top,1,2,5,0.5764
3,top,1,2,6,0.5764
3,top,1,2,7,0.5813
3,top,2,0,0,0.6708
3,top,2,0,1,0.6752
3,top,2,0,2,0.6752
3,top,2,0,3,0.6796
3,top,2,0,4,0.6752
3,top,2,0,5,0.6796
3,top,2,0,6,0.6796
3,top,2,0,7,0.684
3,top,2,1,0,0.6597
3,top,2,1,1,0.6642
3,top,2,1,2,0.6642
3,top,2,1,3,0.6686
3,top,2,1,4,0.6642
3,top,2,1,5,0.6686
3,top,2,1,6,0.6686
3,top,2,1,7,0.673
3,top,2,2,0,0.6484
3,top,2,2,1,0.6529
3,top,2,2,2,0.6529
3,top,2,2,3,0.6575
3,top,2,2,4,0.6529
3,top,2,2,5,0.6575
3,top,2,2,6,0.6575
3,top,2,2,7,0.662
3,top,3,0,0,0.7373
3,top,3,0,1,0.7412
3,top,3,0,2,0.7412
3,top,3,0,3,0.745
3,top,3,0,4,0.7412
3,top,3,0,5,0.745
3,top,3,0,6,0.745
3,top,3,0,7,0.7488
3,top,3,1,0,0.7275
3,top,3,1,1,0.7315
3,top,3,1,2,0.7315
3,top,3,1,3,0.7354
3,top,3,1,4,0.7315
3,top,3,1,5,0.7354
3,top,3,1,6,0.7354
3,top,3,1,7,0.7392
3,top,3,2,0,0.7175
3,top,3,2,1,0.7215
3,top,3,2,2,0.7215
3,top,3,2,3,0.7255
3,top,3,2,4,0.7215
3,top,3,2,5,0.7255
3,top,3,2,6,0.7255
3,top,3,2,7,0.7295
3,top,4,0,0,0.7905
3,top,4,0,1,0.7938
3,top,4,0,2,0.7938
3,top,4,0,3,0.7971
3,top,4,0,4,0.7938
3,top,4,0,5,0.7971
3,top,4,0,6,0.7971
3,top,4,0,7,0.8003
3,top,4,1,0,0.7821
3,top,4,1,1,0.7855
3,top,4,1,2,0.7855
3,top,4,1,3,0.7888
3,top,4,1,4,0.7855
3,top,4,1,5,0.7888
3,top,4,1,6,0.7888
3,top,4,1,7,0.7922
3,top,4,2,0,0.7735
3,top,4,2,1,0.777
3,top,4,2,2,0.777
3,top,4,2,3,0.7804
3,top,4,2,4,0.777
3,top,4,2,5,0.7804
3,top,4,2,6,0.7804
3,top,4,2,7,0.7838
3,top,5,0,0,0.832
3,top,5,0,1,0.8348
3,top,5,0,2,0.8348
3,top,5,0,3,0.8375
3,top,5,0,4,0.8348
3,top,5,0,5,0.8375
3,top,5,0,6,0.8375
3,top,5,0,7,0.8402
3,top,5,1,0,0.8249
3,top,5,1,1,0.8278
3,top,5,1,2,0.8278
3,top,5,1,3,0.8306
3,top,5,1,4,0.8278
3,top,5,1,5,0.8306
3,top,5,1,6,0.8306
3,top,5,1,7,0.8334
3,top,5,2,0,0.8176
3,top,5,2,1,0.8205
3,top,5,2,2,0.8205
3,top,5,2,3,0.8235
3,top,5,2,4,0.8205
3,top,5,2,5,0.8235
3,top,5,2,6,0.8235
3,top,5,2,7,0.8264
3,top,6,0,0,0.8639
3,top,6,0,1,0.8662
3,top,6,0,2,0.8662
3,top,6,0,3,0.8685
3,top,6,0,4,0.8662
3,top,6,0,5,0.8685
3,top,6,0,6,0.8685
3,top,6,0,7,0.8708
3,top,6,1,0,0.8579
3,top,6,1,1,0.8603
3,top,6,1,2,0.8603
3,top,6,1,3,0.8627
3,top,6,1,4,0.8603
3,top,6,1,5,0.8627
3,top,6,1,6,0.8627
3,top,6,1,7,0.8651
3,top,6,2,0,0.8517
3,top,6,2,1,0.8542
3,top,6,2,2,0.8542
3,top,6,2,3,0.8567
3,top,6,2,4,0.8542
3,top,6,2,5,0.8567
3,top,6,2,6,0.8567
3,top,6,2,7,0.8591
3,top,7,0,0,0.8882
3,top,7,0,1,0.8901
3,top,7,0,2,0.8901
3,top,7,0,3,0.8921
3,top,7,0,4,0.8901
3,top,7,0,5,0.8921
3,top,7,0,6,0.8921
3,top,7,0,7,0.894
3,top,7,1,0,0.8831
3,top,7,1,1,0.8851
3,top,7,1,2,0.8851
3,top,7,1,3,0.8872
3,top,7,1,4,0.8851
3,top,7,1,5,0.8872
3,top,7,1,6,0.8872
3,top,7,1,7,0.8891
3,top,7,2,0,0.8778
3,top,7,2,1,0.88
3,top,7,2,2,0.88
3,top,7,2,3,0.8821
3,top,7,2,4,0.88
3,top,7,2,5,0.8821
3,top,7,2,6,0.8821
3,top,7,2,7,0.8841
3,top,8,0,0,0.9065
3,top,8,0,1,0.9082
3,top,8,0,2,0.9082
3,top,8,0,3,0.9099
3,top,8,0,4,0.9082
3,top,8,0,5,0.9099
3,top,8,0,6,0.9099
3,top,8,0,7,0.9115
3,top,8,1,0,0.9022
3,top,8,1,1,0.904
3,top,8,1,2,0.904
3,top,8,1,3,0.9057
3,top,8,1,4,0.904
3,top,8,1,5,0.9057
3,top,8,1,6,0.9057
3,top,8,1,7,0.9074
3,top,8,2,0,0.8977
3,top,8,2,1,0.8995
3,top,8,2,2,0.8995
3,top,8,2,3,0.9013
3,top,8,2,4,0.8995
3,top,8,2,5,0.9013
3,top,8,2,6,0.9013
3,top,8,2,7,0.9031
3,top,9,0,0,0.9204
3,top,9,0,1,0.9219
3,top,9,0,2,0.9219
3,top,9,0,3,0.9233
3,top,9,0,4,0.9219
3,top,9,0,5,0.9233
3,top,9,0,6,0.9233
3,top,9,0,7,0.9247
3,top,9,1,0,0.9167
3,top,9,1,1,0.9182
3,top,9,1,2,0.9182
3,top,9,1,3,0.9197
3,top,9,1,4,0.9182
3,top,9,1,5,0.9197
3,top,9,1,6,0.9197
3,top,9,1,7,0.9211
3,top,9,2,0,0.9128
3,top,9,2,1,0.9144
3,top,9,2,2,0.9144
3,top,9,2,3,0.9159
3,top,9,2,4,0.9144
3,top,9,2,5,0.9159
3,top,9,2,6,0.9159
3,top,9,2,7,0.9174
3,top,10,0,0,0.9309
3,top,10,0,1,0.9321
3,top,10,0,2,0.9321
3,top,10,0,3,0.9334
3,top,10,0,4,0.9321
3,top,10,0,5,0.9334
3,top,10,0,6,0.9334
3,top,10,0,7,0.9346
3,top,10,1,0,0.9276
3,top,10,1,1,0.9289
3,top,10,1,2,0.9289
3,top,10,1,3,0.9302
3,top,10,1,4,0.9289
3,top,10,1,5,0.9302
3,top,10,1,6,0.9302
3,top,10,1,7,0.9315
3,top,10,2,0,0.9241
3,top,10,2,1,0.9255
3,top,10,2,2,0.9255
3,top,10,2,3,0.9269
3,top,10,2,4,0.9255
3,top,10,2,5,0.9269
3,top,10,2,6,0.9269
3,top,10,2,7,0.9282
3,bottom,-10,0,0,0.0067
3,bottom,-10,0,1,0.0068
3,bottom,-10,0,2,0.0068
3,bottom,-10,0,3,0.007
3,bottom,-10,0,4,0.0068
3,bottom,-10,0,5,0.007
3,bottom,-10,0,6,0.007
3,bottom,-10,0,7,0.0071
3,bottom,-10,1,0,0.0064
3,bottom,-10,1,1,0.0065
3,bottom,-10,1,2,0.0065
3,bottom,-10,1,3,0.0066
3,bottom,-10,1,4,0.0065
3,bottom,-10,1,5,0.0066
3,bottom,-10,1,6,0.0066
3,bottom,-10,1,7,0.0068
3,bottom,-10,2,0,0.0061
3,bottom,-10,2,1,0.0062
3,bottom,-10,2,2,0.0062
3,bottom,-10,2,3,0.0063
3,bottom,-10,2,4,0.0062
3,bottom,-10,2,5,0.0063
3,bottom,-10,2,6,0.0063
3,bottom,-10,2,7,0.0064
3,bottom,-9,0,0,0.0122
3,bottom,-9,0,1,0.0125
3,bottom,-9,0,2,0.0125
3,bottom,-9,0,3,0.0127
3,bottom,-9,0,4,0.0125
3,bottom,-9,0,5,0.0127
3,bottom,-9,0,6,0.0127
3,bottom,-9,0,7,0.013
3,bottom,-9,1,0,0.0116
3,bottom,-9,1,1,0.0119
3,bottom,-9,1,2,0.0119
3,bottom,-9,1,3,0.0121
3,bottom,-9,1,4,0.0119
3,bottom,-9,1,5,0.0121
3,bottom,-9,1,6,0.0121
3,bottom,-9,1,7,0.0123
3,bottom,-9,2,0,0.0111
3,bottom,-9,2,1,0.0113
3,bottom,-9,2,2,0.0113
3,bottom,-9,2,3,0.0115
3,bottom,-9,2,4,0.0113
3,bottom,-9,2,5,0.0115
3,bottom,-9,2,6,0.0115
3,bottom,-9,2,7,0.0118
3,bottom,-8,0,0,0.0217
3,bottom,-8,0,1,0.0221
3,bottom,-8,0,2,0.0221
3,bottom,-8,0,3,0.0226
3,bottom,-8,0,4,0.0221
3,bottom,-8,0,5,0.0226
3,bottom,-8,0,6,0.0226
3,bottom,-8,0,7,0.023
3,bottom,-8,1,0,0.0207
3,bottom,-8,1,1,0.0211
3,bottom,-8,1,2,0.0211
3,bottom,-8,1,3,0.0215
3,bottom,-8,1,4,0.0211
3,bottom,-8,1,5,0.0215
3,bottom,-8,1,6,0.0215
3,bottom,-8,1,7,0.0219
3,bottom,-8,2,0,0.0197
3,bottom,-8,2,1,0.0201
3,bottom,-8,2,2,0.0201
3,bottom,-8,2,3,0.0205
3,bottom,-8,2,4,0.0201
3,bottom,-8,2,5,0.0205
3,bottom,-8,2,6,0.0205
3,bottom,-8,2,7,0.0209
3,bottom,-7,0,0,0.0374
3,bottom,-7,0,1,0.0381
3,bottom,-7,0,2,0.0381
3,bottom,-7,0,3,0.0389
3,bottom,-7,0,4,0.0381
3,bottom,-7,0,5,0.0389
3,bottom,-7,0,6,0.0389
3,bottom,-7,0,7,0.0396
3,bottom,-7,1,0,0.0356
3,bottom,-7,1,1,0.0363
3,bottom,-7,1,2,0.0363
3,bottom,-7,1,3,0.037
3,bottom,-7,1,4,0.0363
3,bottom,-7,1,5,0.037
3,bottom,-7,1,6,0.037
3,bottom,-7,1,7,0.0378
3,bottom,-7,2,0,0.034
3,bottom,-7,2,1,0.0346
3,bottom,-7,2,2,0.0346
3,bottom,-7,2,3,0.0353
3,bottom,-7,2,4,0.0346
3,bottom,-7,2,5,0.0353
3,bottom,-7,2,6,0.0353
3,bottom,-7,2,7,0.036
3,bottom,-6,0,0,0.0623
3,bottom,-6,0,1,0.0634
3,bottom,-6,0,2,0.0634
3,bottom,-6,0,3,0.0646
3,bottom,-6,0,4,0.0634
3,bottom,-6,0,5,0.0646
3,bottom,-6,0,6,0.0646
3,bottom,-6,0,7,0.0659
3,bottom,-6,1,0,0.0594
3,bottom,-6,1,1,0.0605
3,bottom,-6,1,2,0.0605
3,bottom,-6,1,3,0.0617
3,bottom,-6,1,4,0.0605
3,bottom,-6,1,5,0.0617
3,bottom,-6,1,6,0.0617
3,bottom,-6,1,7,0.0629
3,bottom,-6,2,0,0.0567
3,bottom,-6,2,1,0.0578
3,bottom,-6,2,2,0.0578
3,bottom,-6,2,3,0.0589
3,bottom,-6,2,4,0.0578
3,bottom,-6,2,5,0.0589
3,bottom,-6,2,6,0.0589
3,bottom,-6,2,7,0.06
3,bottom,-5,0,0,0.0998
3,bottom,-5,0,1,0.1016
3,bottom,-5,0,2,0.1016
3,bottom,-5,0,3,0.1034
3,bottom,-5,0,4,0.1016
3,bottom,-5,0,5,0.1034
3,bottom,-5,0,6,0.1034
3,bottom,-5,0,7,0.1053
3,bottom,-5,1,0,0.0953
3,bottom,-5,1,1,0.0971
3,bottom,-5,1,2,0.0971
3,bottom,-5,1,3,0.0989
3,bottom,-5,1,4,0.0971
3,bottom,-5,1,5,0.0989
3,bottom,-5,1,6,0.0989
3,bottom,-5,1,7,0.1007
3,bottom,-5,2,0,0.0911
3,bottom,-5,2,1,0.0928
3,bottom,-5,2,2,0.0928
3,bottom,-5,2,3,0.0945
3,bottom,-5,2,4,0.0928
3,bottom,-5,2,5,0.0945
3,bottom,-5,2,6,0.0945
3,bottom,-5,2,7,0.0962
3,bottom,-4,0,0,0.1529
3,bottom,-4,0,1,0.1555
3,bottom,-4,0,2,0.1555
3,bottom,-4,0,3,0.1582
3,bottom,-4,0,4,0.1555
3,bottom,-4,0,5,0.1582
3,bottom,-4,0,6,0.1582
3,bottom,-4,0,7,0.1608
3,bottom,-4,1,0,0.1465
3,bottom,-4,1,1,0.1491
3,bottom,-4,1,2,0.1491
3,bottom,-4,1,3,0.1516
3,bottom,-4,1,4,0.1491
3,bottom,-4,1,5,0.1516
3,bottom,-4,1,6,0.1516
3,bottom,-4,1,7,0.1542
3,bottom,-4,2,0,0.1404
3,bottom,-4,2,1,0.1428
3,bottom,-4,2,2,0.1428
3,bottom,-4,2,3,0.1453
3,bottom,-4,2,4,0.1428
3,bottom,-4,2,5,0.1453
3,bottom,-4,2,6,0.1453
3,bottom,-4,2,7,0.1478
3,bottom,-3,0,0,0.223
3,bottom,-3,0,1,0.2265
3,bottom,-3,0,2,0.2265
3,bottom,-3,0,3,0.2301
3,bottom,-3,0,4,0.2265
3,bottom,-3,0,5,0.2301
3,bottom,-3,0,6,0.2301
3,bottom,-3,0,7,0.2336
3,bottom,-3,1,0,0.2145
3,bottom,-3,1,1,0.2179
3,bottom,-3,1,2,0.2179
3,bottom,-3,1,3,0.2213
3,bottom,-3,1,4,0.2179
3,bottom,-3,1,5,0.2213
3,bottom,-3,1,6,0.2213
3,bottom,-3,1,7,0.2248
3,bottom,-3,2,0,0.2062
3,bottom,-3,2,1,0.2095
3,bottom,-3,2,2,0.2095
3,bottom,-3,2,3,0.2128
3,bottom,-3,2,4,0.2095
3,bottom,-3,2,5,0.2128
3,bottom,-3,2,6,0.2128
3,bottom,-3,2,7,0.2162
3,bottom,-2,0,0,0.3083
3,bottom,-2,0,1,0.3126
3,bottom,-2,0,2,0.3126
3,bottom,-2,0,3,0.3169
3,bottom,-2,0,4,0.3126
3,bottom,-2,0,5,0.3169
3,bottom,-2,0,6,0.3169
3,bottom,-2,0,7,0.3213
3,bottom,-2,1,0,0.2978
3,bottom,-2,1,1,0.302
3,bottom,-2,1,2,0.302
3,bottom,-2,1,3,0.3062
3,bottom,-2,1,4,0.302
3,bottom,-2,1,5,0.3062
3,bottom,-2,1,6,0.3062
3,bottom,-2,1,7,0.3105
3,bottom,-2,2,0,0.2874
3,bottom,-2,2,1,0.2915
3,bottom,-2,2,2,0.2915
3,bottom,-2,2,3,0.2957
3,bottom,-2,2,4,0.2915
3,bottom,-2,2,5,0.2957
3,bottom,-2,2,6,0.2957
3,bottom,-2,2,7,0.2999
3,bottom,-1,0,0,0.4032
3,bottom,-1,0,1,0.4081
3,bottom,-1,0,2,0.4081
3,bottom,-1,0,3,0.4129
3,bottom,-1,0,4,0.4081
3,bottom,-1,0,5,0.4129
3,bottom,-1,0,6,0.4129
3,bottom,-1,0,7,0.4178
3,bottom,-1,1,0,0.3913
3,bottom,-1,1,1,0.396
3,bottom,-1,1,2,0.396
3,bottom,-1,1,3,0.4008
3,bottom,-1,1,4,0.396
3,bottom,-1,1,5,0.4008
3,bottom,-1,1,6,0.4008
3,bottom,-1,1,7,0.4056
3,bottom,-1,2,0,0.3794
3,bottom,-1,2,1,0.3841
3,bottom,-1,2,2,0.3841
3,bottom,-1,2,3,0.3889
3,bottom,-1,2,4,0.3841
3,bottom,-1,2,5,0.3889
3,bottom,-1,2,6,0.3889
3,bottom,-1,2,7,0.3936
3,bottom,0,0,0,0.5
3,bottom,0,0,1,0.505
3,bottom,0,0,2,0.505
3,bottom,0,0,3,0.51
3,bottom,0,0,4,0.505
3,bottom,0,0,5,0.51
3,bottom,0,0,6,0.51
3,bottom,0,0,7,0.515
3,bottom,0,1,0,0.4875
3,bottom,0,1,1,0.4925
3,bottom,0,1,2,0.4925
3,bottom,0,1,3,0.4975
3,bottom,0,1,4,0.4925
3,bottom,0,1,5,0.4975
3,bottom,0,1,6,0.4975
3,bottom,0,1,7,0.5025
3,bottom,0,2,0,0.475
3,bottom,0,2,1,0.48
3,bottom,0,2,2,0.48
3,bottom,0,2,3,0.485
3,bottom,0,2,4,0.48
3,bottom,0,2,5,0.485
3,bottom,0,2,6,0.485
3,bottom,0,2,7,0.49
3,bottom,1,0,0,0.591
3,bottom,1,0,1,0.5958
3,bottom,1,0,2,0.5958
3,bottom,1,0,3,0.6006
3,bottom,1,0,4,0.5958
3,bottom,1,0,5,0.6006
3,bottom,1,0,6,0.6006
3,bottom,1,0,7,0.6054
3,bottom,1,1,0,0.5788
3,bottom,1,1,1,0.5837
3,bottom,1,1,2,0.5837
3,bottom,1,1,3,0.5886
3,bottom,1,1,4,0.5837
3,bottom,1,1,5,0.5886
3,bottom,1,1,6,0.5886
3,bottom,1,1,7,0.5934
3,bottom,1,2,0,0.5666
3,bottom,1,2,1,0.5715
3,bottom,1,2,2,0.5715
3,bottom,1,2,3,0.5764
3,bottom,1,2,4,0.5715
3,bottom,1,2,5,0.5764
3,bottom,1,2,6,0.5764
3,bottom,1,2,7,0.5813
3,bottom,2,0,0,0.6708
3,bottom,2,0,1,0.6752
3,bottom,2,0,2,0.6752
3,bottom,2,0,3,0.6796
3,bottom,2,0,4,0.6752
3,bottom,2,0,5,0.6796
3,bottom,2,0,6,0.6796
3,bottom,2,0,7,0.684
3,bottom,2,1,0,0.6597
3,bottom,2,1,1,0.6642
3,bottom,2,1,2,0.6642
3,bottom,2,1,3,0.6686
3,bottom,2,1,4,0.6642
3,bottom,2,1,5,0.6686
3,bottom,2,1,6,0.6686
3,bottom,2,1,7,0.673
3,bottom,2,2,0,0.6484
3,bottom,2,2,1,0.6529
3,bottom,2,2,2,0.6529
3,bottom,2,2,3,0.6575
3,bottom,2,2,4,0.6529
3,bottom,2,2,5,0.6575
3,bottom,2,2,6,0.6575
3,bottom,2,2,7,0.662
3,bottom,3,0,0,0.7373
3,bottom,3,0,1,0.7412
3,bottom,3,0,2,0.7412
3,bottom,3,0,3,0.745
3,bottom,3,0,4,0.7412
3,bottom,3,0,5,0.745
3,bottom,3,0,6,0.745
3,bottom,3,0,7,0.7488
3,bottom,3,1,0,0.7275
3,bottom,3,1,1,0.7315
3,bottom,3,1,2,0.7315
3,bottom,3,1,3,0.7354
3,bottom,3,1,4,0.7315
3,bottom,3,1,5,0.7354
3,bottom,3,1,6,0.7354
3,bottom,3,1,7,0.7392
3,bottom,3,2,0,0.7175
3,bottom,3,2,1,0.7215
3,bottom,3,2,2,0.7215
3,bottom,3,2,3,0.7255
3,bottom,3,2,4,0.7215
3,bottom,3,2,5,0.7255
3,bottom,3,2,6,0.7255
3,bottom,3,2,7,0.7295
3,bottom,4,0,0,0.7905
3,bottom,4,0,1,0.7938
3,bottom,4,0,2,0.7938
3,bottom,4,0,3,0.7971
3,bottom,4,0,4,0.7938
3,bottom,4,0,5,0.7971
3,bottom,4,0,6,0.7971
3,bottom,4,0,7,0.8003
3,bottom,4,1,0,0.7821
3,bottom,4,1,1,0.7855
3,bottom,4,1,2,0.7855
3,bottom,4,1,3,0.7888
3,bottom,4,1,4,0.7855
3,bottom,4,1,5,0.7888
3,bottom,4,1,6,0.7888
3,bottom,4,1,7,0.7922
3,bottom,4,2,0,0.7735
3,bottom,4,2,1,0.777
3,bottom,4,2,2,0.777
3,bottom,4,2,3,0.7804
3,bottom,4,2,4,0.777
3,bottom,4,2,5,0.7804
3,bottom,4,2,6,0.7804
3,bottom,4,2,7,0.7838
3,bottom,5,0,0,0.832
3,bottom,5,0,1,0.8348
3,bottom,5,0,2,0.8348
3,bottom,5,0,3,0.8375
3,bottom,5,0,4,0.8348
3,bottom,5,0,5,0.8375
3,bottom,5,0,6,0.8375
3,bottom,5,0,7,0.8402
3,bottom,5,1,0,0.8249
3,bottom,5,1,1,0.8278
3,bottom,5,1,2,0.8278
3,bottom,5,1,3,0.8306
3,bottom,5,1,4,0.8278
3,bottom,5,1,5,0.8306
3,bottom,5,1,6,0.8306
3,bottom,5,1,7,0.8334
3,bottom,5,2,0,0.8176
3,bottom,5,2,1,0.8205
3,bottom,5,2,2,0.8205
3,bottom,5,2,3,0.8235
3,bottom,5,2,4,0.8205
3,bottom,5,2,5,0.8235
3,bottom,5,2,6,0.8235
3,bottom,5,2,7,0.8264
3,bottom,6,0,0,0.8639
3,bottom,6,0,1,0.8662
3,bottom,6,0,2,0.8662
3,bottom,6,0,3,0.8685
3,bottom,6,0,4,0.8662
3,bottom,6,0,5,0.8685
3,bottom,6,0,6,0.8685
3,bottom,6,0,7,0.8708
3,bottom,6,1,0,0.8579
3,bottom,6,1,1,0.8603
3,bottom,6,1,2,0.8603
3,bottom,6,1,3,0.8627
3,bottom,6,1,4,0.8603
3,bottom,6,1,5,0.8627
3,bottom,6,1,6,0.8627
3,bottom,6,1,7,0.8651
3,bottom,6,2,0,0.8517
3,bottom,6,2,1,0.8542
3,bottom,6,2,2,0.8542
3,bottom,6,2,3,0.8567
3,bottom,6,2,4,0.8542
3,bottom,6,2,5,0.8567
3,bottom,6,2,6,0.8567
3,bottom,6,2,7,0.8591
3,bottom,7,0,0,0.8882
3,bottom,7,0,1,0.8901
3,bottom,7,0,2,0.8901
3,bottom,7,0,3,0.8921
3,bottom,7,0,4,0.8901
3,bottom,7,0,5,0.8921
3,bottom,7,0,6,0.8921
3,bottom,7,0,7,0.894
3,bottom,7,1,0,0.8831
3,bottom,7,1,1,0.8851
3,bottom,7,1,2,0.8851
3,bottom,7,1,3,0.8872
3,bottom,7,1,4,0.8851
3,bottom,7,1,5,0.8872
3,bottom,7,1,6,0.8872
3,bottom,7,1,7,0.8891
3,bottom,7,2,0,0.8778
3,bottom,7,2,1,0.88
3,bottom,7,2,2,0.88
3,bottom,7,2,3,0.8821
3,bottom,7,2,4,0.88
3,bottom,7,2,5,0.8821
3,bottom,7,2,6,0.8821
3,bottom,7,2,7,0.8841
3,bottom,8,0,0,0.9065
3,bottom,8,0,1,0.9082
3,bottom,8,0,2,0.9082
3,bottom,8,0,3,0.9099
3,bottom,8,0,4,0.9082
3,bottom,8,0,5,0.9099
3,bottom,8,0,6,0.9099
3,bottom,8,0,7,0.9115
3,bottom,8,1,0,0.9022
3,bottom,8,1,1,0.904
3,bottom,8,1,2,0.904
3,bottom,8,1,3,0.9057
3,bottom,8,1,4,0.904
3,bottom,8,1,5,0.9057
3,bottom,8,1,6,0.9057
3,bottom,8,1,7,0.9074
3,bottom,8,2,0,0.8977
3,bottom,8,2,1,0.8995
3,bottom,8,2,2,0.8995
3,bottom,8,2,3,0.9013
3,bottom,8,2,4,0.8995
3,bottom,8,2,5,0.9013
3,bottom,8,2,6,0.9013
3,bottom,8,2,7,0.9031
3,bottom,9,0,0,0.9204
3,bottom,9,0,1,0.9219
3,bottom,9,0,2,0.9219
3,bottom,9,0,3,0.9233
3,bottom,9,0,4,0.9219
3,bottom,9,0,5,0.9233
3,bottom,9,0,6,0.9233
3,bottom,9,0,7,0.9247
3,bottom,9,1,0,0.9167
3,bottom,9,1,1,0.9182
3,bottom,9,1,2,0.9182
3,bottom,9,1,3,0.9197
3,bottom,9,1,4,0.9182
3,bottom,9,1,5,0.9197
3,bottom,9,1,6,0.9197
3,bottom,9,1,7,0.9211
3,bottom,9,2,0,0.9128
3,bottom,9,2,1,0.9144
3,bottom,9,2,2,0.9144
3,bottom,9,2,3,0.9159
3,bottom,9,2,4,0.9144
3,bottom,9,2,5,0.9159
3,bottom,9,2,6,0.9159
3,bottom,9,2,7,0.9174
3,bottom,10,0,0,0.9309
3,bottom,10,0,1,0.9321
3,bottom,10,0,2,0.9321
3,bottom,10,0,3,0.9334
3,bottom,10,0,4,0.9321
3,bottom,10,0,5,0.9334
3,bottom,10,0,6,0.9334
3,bottom,10,0,7,0.9346
3,bottom,10,1,0,0.9276
3,bottom,10,1,1,0.9289
3,bottom,10,1,2,0.9289
3,bottom,10,1,3,0.9302
3,bottom,10,1,4,0.9289
3,bottom,10,1,5,0.9302
3,bottom,10,1,6,0.9302
3,bottom,10,1,7,0.9315
3,bottom,10,2,0,0.9241
3,bottom,10,2,1,0.9255
3,bottom,10,2,2,0.9255
3,bottom,10,2,3,0.9269
3,bottom,10,2,4,0.9255
3,bottom,10,2,5,0.9269
3,bottom,10,2,6,0.9269
3,bottom,10,2,7,0.9282
4,top,-10,0,0,0.0067
4,top,-10,0,1,0.0068
4,top,-10,0,2,0.0068
4,top,-10,0,3,0.007
4,top,-10,0,4,0.0068
4,top,-10,0,5,0.007
4,top,-10,0,6,0.007
4,top,-10,0,7,0.0071
4,top,-10,1,0,0.0064
4,top,-10,1,1,0.0065
4,top,-10,1,2,0.0065
4,top,-10,1,3,0.0066
4,top,-10,1,4,0.0065
4,top,-10,1,5,0.0066
4,top,-10,1,6,0.0066
4,top,-10,1,7,0.0068
4,top,-10,2,0,0.0061
4,top,-10,2,1,0.0062
4,top,-10,2,2,0.0062
4,top,-10,2,3,0.0063
4,top,-10,2,4,0.0062
4,top,-10,2,5,0.0063
4,top,-10,2,6,0.0063
4,top,-10,2,7,0.0064
4,top,-9,0,0,0.0122
4,top,-9,0,1,0.0125
4,top,-9,0,2,0.0125
4,top,-9,0,3,0.0127
4,top,-9,0,4,0.0125
4,top,-9,0,5,0.0127
4,top,-9,0,6,0.0127
4,top,-9,0,7,0.013
4,top,-9,1,0,0.0116
4,top,-9,1,1,0.0119
4,top,-9,1,2,0.0119
4,top,-9,1,3,0.0121
4,top,-9,1,4,0.0119
4,top,-9,1,5,0.0121
4,top,-9,1,6,0.0121
4,top,-9,1,7,0.0123
4,top,-9,2,0,0.0111
4,top,-9,2,1,0.0113
4,top,-9,2,2,0.0113
4,top,-9,2,3,0.0115
4,top,-9,2,4,0.0113
4,top,-9,2,5,0.0115
4,top,-9,2,6,0.0115
4,top,-9,2,7,0.0118
4,top,-8,0,0,0.0217
4,top,-8,0,1,0.0221
4,top,-8,0,2,0.0221
4,top,-8,0,3,0.0226
4,top,-8,0,4,0.0221
4,top,-8,0,5,0.0226
4,top,-8,0,6,0.0226
4,top,-8,0,7,0.023
4,top,-8,1,0,0.0207
4,top,-8,1,1,0.0211
4,top,-8,1,2,0.0211
4,top,-8,1,3,0.0215
4,top,-8,1,4,0.0211
4,top,-8,1,5,0.0215
4,top,-8,1,6,0.0215
4,top,-8,1,7,0.0219
4,top,-8,2,0,0.0197
4,top,-8,2,1,0.0201
4,top,-8,2,2,0.0201
4,top,-8,2,3,0.0205
4,top,-8,2,4,0.0201
4,top,-8,2,5,0.0205
4,top,-8,2,6,0.0205
4,top,-8,2,7,0.0209
4,top,-7,0,0,0.0374
4,top,-7,0,1,0.0381
4,top,-7,0,2,0.0381
4,top,-7,0,3,0.0389
4,top,-7,0,4,0.0381
4,top,-7,0,5,0.0389
4,top,-7,0,6,0.0389
4,top,-7,0,7,0.0396
4,top,-7,1,0,0.0356
4,top,-7,1,1,0.0363
4,top,-7,1,2,0.0363
4,top,-7,1,3,0.037
4,top,-7,1,4,0.0363
4,top,-7,1,5,0.037
4,top,-7,1,6,0.037
4,top,-7,1,7,0.0378
4,top,-7,2,0,0.034
4,top,-7,2,1,0.0346
4,top,-7,2,2,0.0346
4,top,-7,2,3,0.0353
4,top,-7,2,4,0.0346
4,top,-7,2,5,0.0353
4,top,-7,2,6,0.0353
4,top,-7,2,7,0.036
4,top,-6,0,0,0.0623
4,top,-6,0,1,0.0634
4,top,-6,0,2,0.0634
4,top,-6,0,3,0.0646
4,top,-6,0,4,0.0634
4,top,-6,0,5,0.0646
4,top,-6,0,6,0.0646
4,top,-6,0,7,0.0659
4,top,-6,1,0,0.0594
4,top,-6,1,1,0.0605
4,top,-6,1,2,0.0605
4,top,-6,1,3,0.0617
4,top,-6,1,4,0.0605
4,top,-6,1,5,0.0617
4,top,-6,1,6,0.0617
4,top,-6,1,7,0.0629
4,top,-6,2,0,0.0567
4,top,-6,2,1,0.0578
4,top,-6,2,2,0.0578
4,top,-6,2,3,0.0589
4,top,-6,2,4,0.0578
4,top,-6,2,5,0.0589
4,top,-6,2,6,0.0589
4,top,-6,2,7,0.06
4,top,-5,0,0,0.0998
4,top,-5,0,1,0.1016
4,top,-5,0,2,0.1016
4,top,-5,0,3,0.1034
4,top,-5,0,4,0.1016
4,top,-5,0,5,0.1034
4,top,-5,0,6,0.1034
4,top,-5,0,7,0.1053
4,top,-5,1,0,0.0953
4,top,-5,1,1,0.0971
4,top,-5,1,2,0.0971
4,top,-5,1,3,0.0989
4,top,-5,1,4,0.0971
4,top,-5,1,5,0.0989
4,top,-5,1,6,0.0989
4,top,-5,1,7,0.1007
4,top,-5,2,0,0.0911
4,top,-5,2,1,0.0928
4,top,-5,2,2,0.0928
4,top,-5,2,3,0.0945
4,top,-5,2,4,0.0928
4,top,-5,2,5,0.0945
4,top,-5,2,6,0.0945
4,top,-5,2,7,0.0962
4,top,-4,0,0,0.1529
4,top,-4,0,1,0.1555
4,top,-4,0,2,0.1555
4,top,-4,0,3,0.1582
4,top,-4,0,4,0.1555
4,top,-4,0,5,0.1582
4,top,-4,0,6,0.1582
4,top,-4,0,7,0.1608
4,top,-4,1,0,0.1465
4,top,-4,1,1,0.1491
4,top,-4,1,2,0.1491
4,top,-4,1,3,0.1516
4,top,-4,1,4,0.1491
4,top,-4,1,5,0.1516
4,top,-4,1,6,0.1516
4,top,-4,1,7,0.1542
4,top,-4,2,0,0.1404
4,top,-4,2,1,0.1428
4,top,-4,2,2,0.1428
4,top,-4,2,3,0.1453
4,top,-4,2,4,0.1428
4,top,-4,2,5,0.1453
4,top,-4,2,6,0.1453
4,top,-4,2,7,0.1478
4,top,-3,0,0,0.223
4,top,-3,0,1,0.2265
4,top,-3,0,2,0.2265
4,top,-3,0,3,0.2301
4,top,-3,0,4,0.2265
4,top,-3,0,5,0.2301
4,top,-3,0,6,0.2301
4,top,-3,0,7,0.2336
4,top,-3,1,0,0.2145
4,top,-3,1,1,0.2179
4,top,-3,1,2,0.2179
4,top,-3,1,3,0.2213
4,top,-3,1,4,0.2179
4,top,-3,1,5,0.2213
4,top,-3,1,6,0.2213
4,top,-3,1,7,0.2248
4,top,-3,2,0,0.2062
4,top,-3,2,1,0.2095
4,top,-3,2,2,0.2095
4,top,-3,2,3,0.2128
4,top,-3,2,4,0.2095
4,top,-3,2,5,0.2128
4,top,-3,2,6,0.2128
4,top,-3,2,7,0.2162
4,top,-2,0,0,0.3083
4,top,-2,0,1,0.3126
4,top,-2,0,2,0.3126
4,top,-2,0,3,0.3169
4,top,-2,0,4,0.3126
4,top,-2,0,5,0.3169
4,top,-2,0,6,0.3169
4,top,-2,0,7,0.3213
4,top,-2,1,0,0.2978
4,top,-2,1,1,0.302
4,top,-2,1,2,0.302
4,top,-2,1,3,0.3062
4,top,-2,1,4,0.302
4,top,-2,1,5,0.3062
4,top,-2,1,6,0.3062
4,top,-2,1,7,0.3105
4,top,-2,2,0,0.2874
4,top,-2,2,1,0.2915
4,top,-2,2,2,0.2915
4,top,-2,2,3,0.2957
4,top,-2,2,4,0.2915
4,top,-2,2,5,0.2957
4,top,-2,2,6,0.2957
4,top,-2,2,7,0.2999
4,top,-1,0,0,0.4032
4,top,-1,0,1,0.4081
4,top,-1,0,2,0.4081
4,top,-1,0,3,0.4129
4,top,-1,0,4,0.4081
4,top,-1,0,5,0.4129
4,top,-1,0,6,0.4129
4,top,-1,0,7,0.4178
4,top,-1,1,0,0.3913
4,top,-1,1,1,0.396
4,top,-1,1,2,0.396
4,top,-1,1,3,0.4008
4,top,-1,1,4,0.396
4,top,-1,1,5,0.4008
4,top,-1,1,6,0.4008
4,top,-1,1,7,0.4056
4,top,-1,2,0,0.3794
4,top,-1,2,1,0.3841
4,top,-1,2,2,0.3841
4,top,-1,2,3,0.3889
4,top,-1,2,4,0.3841
4,top,-1,2,5,0.3889
4,top,-1,2,6,0.3889
4,top,-1,2,7,0.3936
4,top,0,0,0,0.5
4,top,0,0,1,0.505
4,top,0,0,2,0.505
4,top,0,0,3,0.51
4,top,0,0,4,0.505
4,top,0,0,5,0.51
4,top,0,0,6,0.51
4,top,0,0,7,0.515
4,top,0,1,0,0.4875
4,top,0,1,1,0.4925
4,top,0,1,2,0.4925
4,top,0,1,3,0.4975
4,top,0,1,4,0.4925
4,top,0,1,5,0.4975
4,top,0,1,6,0.4975
4,top,0,1,7,0.5025
4,top,0,2,0,0.475
4,top,0,2,1,0.48
4,top,0,2,2,0.48
4,top,0,2,3,0.485
4,top,0,2,4,0.48
4,top,0,2,5,0.485
4,top,0,2,6,0.485
4,top,0,2,7,0.49
4,top,1,0,0,0.591
4,top,1,0,1,0.5958
4,top,1,0,2,0.5958
4,top,1,0,3,0.6006
4,top,1,0,4,0.5958
4,top,1,0,5,0.6006
4,top,1,0,6,0.6006
4,top,1,0,7,0.6054
4,top,1,1,0,0.5788
4,top,1,1,1,0.5837
4,top,1,1,2,0.5837
4,top,1,1,3,0.5886
4,top,1,1,4,0.5837
4,top,1,1,5,0.5886
4,top,1,1,6,0.5886
4,top,1,1,7,0.5934
4,top,1,2,0,0.5666
4,top,1,2,1,0.5715
4,top,1,2,2,0.5715
4,top,1,2,3,0.5764
4,top,1,2,4,0.5715
4,top,1,2,5,0.5764
4,top,1,2,6,0.5764
4,top,1,2,7,0.5813
4,top,2,0,0,0.6708
4,top,2,0,1,0.6752
4,top,2,0,2,0.6752
4,top,2,0,3,0.6796
4,top,2,0,4,0.6752
4,top,2,0,5,0.6796
4,top,2,0,6,0.6796
4,top,2,0,7,0.684
4,top,2,1,0,0.6597
4,top,2,1,1,0.6642
4,top,2,1,2,0.6642
4,top,2,1,3,0.6686
4,top,2,1,4,0.6642
4,top,2,1,5,0.6686
4,top,2,1,6,0.6686
4,top,2,1,7,0.673
4,top,2,2,0,0.6484
4,top,2,2,1,0.6529
4,top,2,2,2,0.6529
4,top,2,2,3,0.6575
4,top,2,2,4,0.6529
4,top,2,2,5,0.6575
4,top,2,2,6,0.6575
4,top,2,2,7,0.662
4,top,3,0,0,0.7373
4,top,3,0,1,0.7412
4,top,3,0,2,0.7412
4,top,3,0,3,0.745
4,top,3,0,4,0.7412
4,top,3,0,5,0.745
4,top,3,0,6,0.745
4,top,3,0,7,0.7488
4,top,3,1,0,0.7275
4,top,3,1,1,0.7315
4,top,3,1,2,0.7315
4,top,3,1,3,0.7354
4,top,3,1,4,0.7315
4,top,3,1,5,0.7354
4,top,3,1,6,0.7354
4,top,3,1,7,0.7392
4,top,3,2,0,0.7175
4,top,3,2,1,0.7215
4,top,3,2,2,0.7215
4,top,3,2,3,0.7255
4,top,3,2,4,0.7215
4,top,3,2,5,0.7255
4,top,3,2,6,0.7255
4,top,3,2,7,0.7295
4,top,4,0,0,0.7905
4,top,4,0,1,0.7938
4,top,4,0,2,0.7938
4,top,4,0,3,0.7971
4,top,4,0,4,0.7938
4,top,4,0,5,0.7971
4,top,4,0,6,0.7971
4,top,4,0,7,0.8003
4,top,4,1,0,0.7821
4,top,4,1,1,0.7855
4,top,4,1,2,0.7855
4,top,4,1,3,0.7888
4,top,4,1,4,0.7855
4,top,4,1,5,0.7888
4,top,4,1,6,0.7888
4,top,4,1,7,0.7922
4,top,4,2,0,0.7735
4,top,4,2,1,0.777
4,top,4,2,2,0.777
4,top,4,2,3,0.7804
4,top,4,2,4,0.777
4,top,4,2,5,0.7804
4,top,4,2,6,0.7804
4,top,4,2,7,0.7838
4,top,5,0,0,0.832
4,top,5,0,1,0.8348
4,top,5,0,2,0.8348
4,top,5,0,3,0.8375
4,top,5,0,4,0.8348
4,top,5,0,5,0.8375
4,top,5,0,6,0.8375
4,top,5,0,7,0.8402
4,top,5,1,0,0.8249
4,top,5,1,1,0.8278
4,top,5,1,2,0.8278
4,top,5,1,3,0.8306
4,top,5,1,4,0.8278
4,top,5,1,5,0.8306
4,top,5,1,6,0.8306
4,top,5,1,7,0.8334
4,top,5,2,0,0.8176
4,top,5,2,1,0.8205
4,top,5,2,2,0.8205
4,top,5,2,3,0.8235
4,top,5,2,4,0.8205
4,top,5,2,5,0.8235
4,top,5,2,6,0.8235
4,top,5,2,7,0.8264
4,top,6,0,0,0.8639
4,top,6,0,1,0.8662
4,top,6,0,2,0.8662
4,top,6,0,3,0.8685
4,top,6,0,4,0.8662
4,top,6,0,5,0.8685
4,top,6,0,6,0.8685
4,top,6,0,7,0.8708
4,top,6,1,0,0.8579
4,top,6,1,1,0.8603
4,top,6,1,2,0.8603
4,top,6,1,3,0.8627
4,top,6,1,4,0.8603
4,top,6,1,5,0.8627
4,top,6,1,6,0.8627
4,top,6,1,7,0.8651
4,top,6,2,0,0.8517
4,top,6,2,1,0.8542
4,top,6,2,2,0.8542
4,top,6,2,3,0.8567
4,top,6,2,4,0.8542
4,top,6,2,5,0.8567
4,top,6,2,6,0.8567
4,top,6,2,7,0.8591
4,top,7,0,0,0.8882
4,top,7,0,1,0.8901
4,top,7,0,2,0.8901
4,top,7,0,3,0.8921
4,top,7,0,4,0.8901
4,top,7,0,5,0.8921
4,top,7,0,6,0.8921
4,top,7,0,7,0.894
4,top,7,1,0,0.8831
4,top,7,1,1,0.8851
4,top,7,1,2,0.8851
4,top,7,1,3,0.8872
4,top,7,1,4,0.8851
4,top,7,1,5,0.8872
4,top,7,1,6,0.8872
4,top,7,1,7,0.8891
4,top,7,2,0,0.8778
4,top,7,2,1,0.88
4,top,7,2,2,0.88
4,top,7,2,3,0.8821
4,top,7,2,4,0.88
4,top,7,2,5,0.8821
4,top,7,2,6,0.8821
4,top,7,2,7,0.8841
4,top,8,0,0,0.9065
4,top,8,0,1,0.9082
4,top,8,0,2,0.9082
4,top,8,0,3,0.9099
4,top,8,0,4,0.9082
4,top,8,0,5,0.9099
4,top,8,0,6,0.9099
4,top,8,0,7,0.9115
4,top,8,1,0,0.9022
4,top,8,1,1,0.904
4,top,8,1,2,0.904
4,top,8,1,3,0.9057
4,top,8,1,4,0.904
4,top,8,1,5,0.9057
4,top,8,1,6,0.9057
4,top,8,1,7,0.9074
4,top,8,2,0,0.8977
4,top,8,2,1,0.8995
4,top,8,2,2,0.8995
4,top,8,2,3,0.9013
4,top,8,2,4,0.8995
4,top,8,2,5,0.9013
4,top,8,2,6,0.9013
4,top,8,2,7,0.9031
4,top,9,0,0,0.9204
4,top,9,0,1,0.9219
4,top,9,0,2,0.9219
4,top,9,0,3,0.9233
4,top,9,0,4,0.9219
4,top,9,0,5,0.9233
4,top,9,0,6,0.9233
4,top,9,0,7,0.9247
4,top,9,1,0,0.9167
4,top,9,1,1,0.9182
4,top,9,1,2,0.9182
4,top,9,1,3,0.9197
4,top,9,1,4,0.9182
4,top,9,1,5,0.9197
4,top,9,1,6,0.9197
4,top,9,1,7,0.9211
4,top,9,2,0,0.9128
4,top,9,2,1,0.9144
4,top,9,2,2,0.9144
4,top,9,2,3,0.9159
4,top,9,2,4,0.9144
4,top,9,2,5,0.9159
4,top,9,2,6,0.9159
4,top,9,2,7,0.9174
4,top,10,0,0,0.9309
4,top,10,0,1,0.9321
4,top,10,0,2,0.9321
4,top,10,0,3,0.9334
4,top,10,0,4,0.9321
4,top,10,0,5,0.9334
4,top,10,0,6,0.9334
4,top,10,0,7,0.9346
4,top,10,1,0,0.9276
4,top,10,1,1,0.9289
4,top,10,1,2,0.9289
4,top,10,1,3,0.9302
4,top,10,1,4,0.9289
4,top,10,1,5,0.9302
4,top,10,1,6,0.9302
4,top,10,1,7,0.9315
4,top,10,2,0,0.9241
4,top,10,2,1,0.9255
4,top,10,2,2,0.9255
4,top,10,2,3,0.9269
4,top,10,2,4,0.9255
4,top,10,2,5,0.9269
4,top,10,2,6,0.9269
4,top,10,2,7,0.9282
4,bottom,-10,0,0,0.0067
4,bottom,-10,0,1,0.0068
4,bottom,-10,0,2,0.0068
4,bottom,-10,0,3,0.007
4,bottom,-10,0,4,0.0068
4,bottom,-10,0,5,0.007
4,bottom,-10,0,6,0.007
4,bottom,-10,0,7,0.0071
4,bottom,-10,1,0,0.0064
4,bottom,-10,1,1,0.0065
4,bottom,-10,1,2,0.0065
4,bottom,-10,1,3,0.0066
4,bottom,-10,1,4,0.0065
4,bottom,-10,1,5,0.0066
4,bottom,-10,1,6,0.0066
4,bottom,-10,1,7,0.0068
4,bottom,-10,2,0,0.0061
4,bottom,-10,2,1,0.0062
4,bottom,-10,2,2,0.0062
4,bottom,-10,2,3,0.0063
4,bottom,-10,2,4,0.0062
4,bottom,-10,2,5,0.0063
4,bottom,-10,2,6,0.0063
4,bottom,-10,2,7,0.0064
4,bottom,-9,0,0,0.0122
4,bottom,-9,0,1,0.0125
4,bottom,-9,0,2,0.0125
4,bottom,-9,0,3,0.0127
4,bottom,-9,0,4,0.0125
4,bottom,-9,0,5,0.0127
4,bottom,-9,0,6,0.0127
4,bottom,-9,0,7,0.013
4,bottom,-9,1,0,0.0116
4,bottom,-9,1,1,0.0119
4,bottom,-9,1,2,0.0119
4,bottom,-9,1,3,0.0121
4,bottom,-9,1,4,0.0119
4,bottom,-9,1,5,0.0121
4,bottom,-9,1,6,0.0121
4,bottom,-9,1,7,0.0123
4,bottom,-9,2,0,0.0111
4,bottom,-9,2,1,0.0113
4,bottom,-9,2,2,0.0113
4,bottom,-9,2,3,0.0115
4,bottom,-9,2,4,0.0113
4,bottom,-9,2,5,0.0115
4,bottom,-9,2,6,0.0115
4,bottom,-9,2,7,0.0118
4,bottom,-8,0,0,0.0217
4,bottom,-8,0,1,0.0221
4,bottom,-8,0,2,0.0221
4,bottom,-8,0,3,0.0226
4,bottom,-8,0,4,0.0221
4,bottom,-8,0,5,0.0226
4,bottom,-8,0,6,0.0226
4,bottom,-8,0,7,0.023
4,bottom,-8,1,0,0.0207
4,bottom,-8,1,1,0.0211
4,bottom,-8,1,2,0.0211
4,bottom,-8,1,3,0.0215
4,bottom,-8,1,4,0.0211
4,bottom,-8,1,5,0.0215
4,bottom,-8,1,6,0.0215
4,bottom,-8,1,7,0.0219
4,bottom,-8,2,0,0.0197
4,bottom,-8,2,1,0.0201
4,bottom,-8,2,2,0.0201
4,bottom,-8,2,3,0.0205
4,bottom,-8,2,4,0.0201
4,bottom,-8,2,5,0.0205
4,bottom,-8,2,6,0.0205
4,bottom,-8,2,7,0.0209
4,bottom,-7,0,0,0.0374
4,bottom,-7,0,1,0.0381
4,bottom,-7,0,2,0.0381
4,bottom,-7,0,3,0.0389
4,bottom,-7,0,4,0.0381
4,bottom,-7,0,5,0.0389
4,bottom,-7,0,6,0.0389
4,bottom,-7,0,7,0.0396
4,bottom,-7,1,0,0.0356
4,bottom,-7,1,1,0.0363
4,bottom,-7,1,2,0.0363
4,bottom,-7,1,3,0.037
4,bottom,-7,1,4,0.0363
4,bottom,-7,1,5,0.037
4,bottom,-7,1,6,0.037
4,bottom,-7,1,7,0.0378
4,bottom,-7,2,0,0.034
4,bottom,-7,2,1,0.0346
4,bottom,-7,2,2,0.0346
4,bottom,-7,2,3,0.0353
4,bottom,-7,2,4,0.0346
4,bottom,-7,2,5,0.0353
4,bottom,-7,2,6,0.0353
4,bottom,-7,2,7,0.036
4,bottom,-6,0,0,0.0623
4,bottom,-6,0,1,0.0634
4,bottom,-6,0,2,0.0634
4,bottom,-6,0,3,0.0646
4,bottom,-6,0,4,0.0634
4,bottom,-6,0,5,0.0646
4,bottom,-6,0,6,0.0646
4,bottom,-6,0,7,0.0659
4,bottom,-6,1,0,0.0594
4,bottom,-6,1,1,0.0605
4,bottom,-6,1,2,0.0605
4,bottom,-6,1,3,0.0617
4,bottom,-6,1,4,0.0605
4,bottom,-6,1,5,0.0617
4,bottom,-6,1,6,0.0617
4,bottom,-6,1,7,0.0629
4,bottom,-6,2,0,0.0567
4,bottom,-6,2,1,0.0578
4,bottom,-6,2,2,0.0578
4,bottom,-6,2,3,0.0589
4,bottom,-6,2,4,0.0578
4,bottom,-6,2,5,0.0589
4,bottom,-6,2,6,0.0589
4,bottom,-6,2,7,0.06
4,bottom,-5,0,0,0.0998
4,bottom,-5,0,1,0.1016
4,bottom,-5,0,2,0.1016
4,bottom,-5,0,3,0.1034
4,bottom,-5,0,4,0.1016
4,bottom,-5,0,5,0.1034
4,bottom,-5,0,6,0.1034
4,bottom,-5,0,7,0.1053
4,bottom,-5,1,0,0.0953
4,bottom,-5,1,1,0.0971
4,bottom,-5,1,2,0.0971
4,bottom,-5,1,3,0.0989
4,bottom,-5,1,4,0.0971
4,bottom,-5,1,5,0.0989
4,bottom,-5,1,6,0.0989
4,bottom,-5,1,7,0.1007
4,bottom,-5,2,0,0.0911
4,bottom,-5,2,1,0.0928
4,bottom,-5,2,2,0.0928
4,bottom,-5,2,3,0.0945
4,bottom,-5,2,4,0.0928
4,bottom,-5,2,5,0.0945
4,bottom,-5,2,6,0.0945
4,bottom,-5,2,7,0.0962
4,bottom,-4,0,0,0.1529
4,bottom,-4,0,1,0.1555
4,bottom,-4,0,2,0.1555
4,bottom,-4,0,3,0.1582
4,bottom,-4,0,4,0.1555
4,bottom,-4,0,5,0.1582
4,bottom,-4,0,6,0.1582
4,bottom,-4,0,7,0.1608
4,bottom,-4,1,0,0.1465
4,bottom,-4,1,1,0.1491
4,bottom,-4,1,2,0.1491
4,bottom,-4,1,3,0.1516
4,bottom,-4,1,4,0.1491
4,bottom,-4,1,5,0.1516
4,bottom,-4,1,6,0.1516
4,bottom,-4,1,7,0.1542
4,bottom,-4,2,0,0.1404
4,bottom,-4,2,1,0.1428
4,bottom,-4,2,2,0.1428
4,bottom,-4,2,3,0.1453
4,bottom,-4,2,4,0.1428
4,bottom,-4,2,5,0.1453
4,bottom,-4,2,6,0.1453
4,bottom,-4,2,7,0.1478
4,bottom,-3,0,0,0.223
4,bottom,-3,0,1,0.2265
4,bottom,-3,0,2,0.2265
4,bottom,-3,0,3,0.2301
4,bottom,-3,0,4,0.2265
4,bottom,-3,0,5,0.2301
4,bottom,-3,0,6,0.2301
4,bottom,-3,0,7,0.2336
4,bottom,-3,1,0,0.2145
4,bottom,-3,1,1,0.2179
4,bottom,-3,1,2,0.2179
4,bottom,-3,1,3,0.2213
4,bottom,-3,1,4,0.2179
4,bottom,-3,1,5,0.2213
4,bottom,-3,1,6,0.2213
4,bottom,-3,1,7,0.2248
4,bottom,-3,2,0,0.2062
4,bottom,-3,2,1,0.2095
4,bottom,-3,2,2,0.2095
4,bottom,-3,2,3,0.2128
4,bottom,-3,2,4,0.2095
4,bottom,-3,2,5,0.2128
4,bottom,-3,2,6,0.2128
4,bottom,-3,2,7,0.2162
4,bottom,-2,0,0,0.3083
4,bottom,-2,0,1,0.3126
4,bottom,-2,0,2,0.3126
4,bottom,-2,0,3,0.3169
4,bottom,-2,0,4,0.3126
4,bottom,-2,0,5,0.3169
4,bottom,-2,0,6,0.3169
4,bottom,-2,0,7,0.3213
4,bottom,-2,1,0,0.2978
4,bottom,-2,1,1,0.302
4,bottom,-2,1,2,0.302
4,bottom,-2,1,3,0.3062
4,bottom,-2,1,4,0.302
4,bottom,-2,1,5,0.3062
4,bottom,-2,1,6,0.3062
4,bottom,-2,1,7,0.3105
4,bottom,-2,2,0,0.2874
4,bottom,-2,2,1,0.2915
4,bottom,-2,2,2,0.2915
4,bottom,-2,2,3,0.2957
4,bottom,-2,2,4,0.2915
4,bottom,-2,2,5,0.2957
4,bottom,-2,2,6,0.2957
4,bottom,-2,2,7,0.2999
4,bottom,-1,0,0,0.4032
4,bottom,-1,0,1,0.4081
4,bottom,-1,0,2,0.4081
4,bottom,-1,0,3,0.4129
4,bottom,-1,0,4,0.4081
4,bottom,-1,0,5,0.4129
4,bottom,-1,0,6,0.4129
4,bottom,-1,0,7,0.4178
4,bottom,-1,1,0,0.3913
4,bottom,-1,1,1,0.396
4,bottom,-1,1,2,0.396
4,bottom,-1,1,3,0.4008
4,bottom,-1,1,4,0.396
4,bottom,-1,1,5,0.4008
4,bottom,-1,1,6,0.4008
4,bottom,-1,1,7,0.4056
4,bottom,-1,2,0,0.3794
4,bottom,-1,2,1,0.3841
4,bottom,-1,2,2,0.3841
4,bottom,-1,2,3,0.3889
4,bottom,-1,2,4,0.3841
4,bottom,-1,2,5,0.3889
4,bottom,-1,2,6,0.3889
4,bottom,-1,2,7,0.3936
4,bottom,0,0,0,0.5
4,bottom,0,0,1,0.505
4,bottom,0,0,2,0.505
4,bottom,0,0,3,0.51
4,bottom,0,0,4,0.505
4,bottom,0,0,5,0.51
4,bottom,0,0,6,0.51
4,bottom,0,0,7,0.515
4,bottom,0,1,0,0.4875
4,bottom,0,1,1,0.4925
4,bottom,0,1,2,0.4925
4,bottom,0,1,3,0.4975
4,bottom,0,1,4,0.4925
4,bottom,0,1,5,0.4975
4,bottom,0,1,6,0.4975
4,bottom,0,1,7,0.5025
4,bottom,0,2,0,0.475
4,bottom,0,2,1,0.48
4,bottom,0,2,2,0.48
4,bottom,0,2,3,0.485
4,bottom,0,2,4,0.48
4,bottom,0,2,5,0.485
4,bottom,0,2,6,0.485
4,bottom,0,2,7,0.49
4,bottom,1,0,0,0.591
4,bottom,1,0,1,0.5958
4,bottom,1,0,2,0.5958
4,bottom,1,0,3,0.6006
4,bottom,1,0,4,0.5958
4,bottom,1,0,5,0.6006
4,bottom,1,0,6,0.6006
4,bottom,1,0,7,0.6054
4,bottom,1,1,0,0.5788
4,bottom,1,1,1,0.5837
4,bottom,1,1,2,0.5837
4,bottom,1,1,3,0.5886
4,bottom,1,1,4,0.5837
4,bottom,1,1,5,0.5886
4,bottom,1,1,6,0.5886
4,bottom,1,1,7,0.5934
4,bottom,1,2,0,0.5666
4,bottom,1,2,1,0.5715
4,bottom,1,2,2,0.5715
4,bottom,1,2,3,0.5764
4,bottom,1,2,4,0.5715
4,bottom,1,2,5,0.5764
4,bottom,1,2,6,0.5764
4,bottom,1,2,7,0.5813
4,bottom,2,0,0,0.6708
4,bottom,2,0,1,0.6752
4,bottom,2,0,2,0.6752
4,bottom,2,0,3,0.6796
4,bottom,2,0,4,0.6752
4,bottom,2,0,5,0.6796
4,bottom,2,0,6,0.6796
4,bottom,2,0,7,0.684
4,bottom,2,1,0,0.6597
4,bottom,2,1,1,0.6642
4,bottom,2,1,2,0.6642
4,bottom,2,1,3,0.6686
4,bottom,2,1,4,0.6642
4,bottom,2,1,5,0.6686
4,bottom,2,1,6,0.6686
4,bottom,2,1,7,0.673
4,bottom,2,2,0,0.6484
4,bottom,2,2,1,0.6529
4,bottom,2,2,2,0.6529
4,bottom,2,2,3,0.6575
4,bottom,2,2,4,0.6529
4,bottom,2,2,5,0.6575
4,bottom,2,2,6,0.6575
4,bottom,2,2,7,0.662
4,bottom,3,0,0,0.7373
4,bottom,3,0,1,0.7412
4,bottom,3,0,2,0.7412
4,bottom,3,0,3,0.745
4,bottom,3,0,4,0.7412
4,bottom,3,0,5,0.745
4,bottom,3,0,6,0.745
4,bottom,3,0,7,0.7488
4,bottom,3,1,0,0.7275
4,bottom,3,1,1,0.7315
4,bottom,3,1,2,0.7315
4,bottom,3,1,3,0.7354
4,bottom,3,1,4,0.7315
4,bottom,3,1,5,0.7354
4,bottom,3,1,6,0.7354
4,bottom,3,1,7,0.7392
4,bottom,3,2,0,0.7175
4,bottom,3,2,1,0.7215
4,bottom,3,2,2,0.7215
4,bottom,3,2,3,0.7255
4,bottom,3,2,4,0.7215
4,bottom,3,2,5,0.7255
4,bottom,3,2,6,0.7255
4,bottom,3,2,7,0.7295
4,bottom,4,0,0,0.7905
4,bottom,4,0,1,0.7938
4,bottom,4,0,2,0.7938
4,bottom,4,0,3,0.7971
4,bottom,4,0,4,0.7938
4,bottom,4,0,5,0.7971
4,bottom,4,0,6,0.7971
4,bottom,4,0,7,0.8003
4,bottom,4,1,0,0.7821
4,bottom,4,1,1,0.7855
4,bottom,4,1,2,0.7855
4,bottom,4,1,3,0.7888
4,bottom,4,1,4,0.7855
4,bottom,4,1,5,0.7888
4,bottom,4,1,6,0.7888
4,bottom,4,1,7,0.7922
4,bottom,4,2,0,0.7735
4,bottom,4,2,1,0.777
4,bottom,4,2,2,0.777
4,bottom,4,2,3,0.7804
4,bottom,4,2,4,0.777
4,bottom,4,2,5,0.7804
4,bottom,4,2,6,0.7804
4,bottom,4,2,7,0.7838
4,bottom,5,0,0,0.832
4,bottom,5,0,1,0.8348
4,bottom,5,0,2,0.8348
4,bottom,5,0,3,0.8375
4,bottom,5,0,4,0.8348
4,bottom,5,0,5,0.8375
4,bottom,5,0,6,0.8375
4,bottom,5,0,7,0.8402
4,bottom,5,1,0,0.8249
4,bottom,5,1,1,0.8278
4,bottom,5,1,2,0.8278
4,bottom,5,1,3,0.8306
4,bottom,5,1,4,0.8278
4,bottom,5,1,5,0.8306
4,bottom,5,1,6,0.8306
4,bottom,5,1,7,0.8334
4,bottom,5,2,0,0.8176
4,bottom,5,2,1,0.8205
4,bottom,5,2,2,0.8205
4,bottom,5,2,3,0.8235
4,bottom,5,2,4,0.8205
4,bottom,5,2,5,0.8235
4,bottom,5,2,6,0.8235
4,bottom,5,2,7,0.8264
4,bottom,6,0,0,0.8639
4,bottom,6,0,1,0.8662
4,bottom,6,0,2,0.8662
4,bottom,6,0,3,0.8685
4,bottom,6,0,4,0.8662
4,bottom,6,0,5,0.8685
4,bottom,6,0,6,0.8685
4,bottom,6,0,7,0.8708
4,bottom,6,1,0,0.8579
4,bottom,6,1,1,0.8603
4,bottom,6,1,2,0.8603
4,bottom,6,1,3,0.8627
4,bottom,6,1,4,0.8603
4,bottom,6,1,5,0.8627
4,bottom,6,1,6,0.8627
4,bottom,6,1,7,0.8651
4,bottom,6,2,0,0.8517
4,bottom,6,2,1,0.8542
4,bottom,6,2,2,0.8542
4,bottom,6,2,3,0.8567
4,bottom,6,2,4,0.8542
4,bottom,6,2,5,0.8567
4,bottom,6,2,6,0.8567
4,bottom,6,2,7,0.8591
4,bottom,7,0,0,0.8882
4,bottom,7,0,1,0.8901
4,bottom,7,0,2,0.8901
4,bottom,7,0,3,0.8921
4,bottom,7,0,4,0.8901
4,bottom,7,0,5,0.8921
4,bottom,7,0,6,0.8921
4,bottom,7,0,7,0.894
4,bottom,7,1,0,0.8831
4,bottom,7,1,1,0.8851
4,bottom,7,1,2,0.8851
4,bottom,7,1,3,0.8872
4,bottom,7,1,4,0.8851
4,bottom,7,1,5,0.8872
4,bottom,7,1,6,0.8872
4,bottom,7,1,7,0.8891
4,bottom,7,2,0,0.8778
4,bottom,7,2,1,0.88
4,bottom,7,2,2,0.88
4,bottom,7,2,3,0.8821
4,bottom,7,2,4,0.88
4,bottom,7,2,5,0.8821
4,bottom,7,2,6,0.8821
4,bottom,7,2,7,0.8841
4,bottom,8,0,0,0.9065
4,bottom,8,0,1,0.9082
4,bottom,8,0,2,0.9082
4,bottom,8,0,3,0.9099
4,bottom,8,0,4,0.9082
4,bottom,8,0,5,0.9099
4,bottom,8,0,6,0.9099
4,bottom,8,0,7,0.9115
4,bottom,8,1,0,0.9022
4,bottom,8,1,1,0.904
4,bottom,8,1,2,0.904
4,bottom,8,1,3,0.9057
4,bottom,8,1,4,0.904
4,bottom,8,1,5,0.9057
4,bottom,8,1,6,0.9057
4,bottom,8,1,7,0.9074
4,bottom,8,2,0,0.8977
4,bottom,8,2,1,0.8995
4,bottom,8,2,2,0.8995
4,bottom,8,2,3,0.9013
4,bottom,8,2,4,0.8995
4,bottom,8,2,5,0.9013
4,bottom,8,2,6,0.9013
4,bottom,8,2,7,0.9031
4,bottom,9,0,0,0.9204
4,bottom,9,0,1,0.9219
4,bottom,9,0,2,0.9219
4,bottom,9,0,3,0.9233
4,bottom,9,0,4,0.9219
4,bottom,9,0,5,0.9233
4,bottom,9,0,6,0.9233
4,bottom,9,0,7,0.9247
4,bottom,9,1,0,0.9167
4,bottom,9,1,1,0.9182
4,bottom,9,1,2,0.9182
4,bottom,9,1,3,0.9197
4,bottom,9,1,4,0.9182
4,bottom,9,1,5,0.9197
4,bottom,9,1,6,0.9197
4,bottom,9,1,7,0.9211
4,bottom,9,2,0,0.9128
4,bottom,9,2,1,0.9144
4,bottom,9,2,2,0.9144
4,bottom,9,2,3,0.9159
4,bottom,9,2,4,0.9144
4,bottom,9,2,5,0.9159
4,bottom,9,2,6,0.9159
4,bottom,9,2,7,0.9174
4,bottom,10,0,0,0.9309
4,bottom,10,0,1,0.9321
4,bottom,10,0,2,0.9321
4,bottom,10,0,3,0.9334
4,bottom,10,0,4,0.9321
4,bottom,10,0,5,0.9334
4,bottom,10,0,6,0.9334
4,bottom,10,0,7,0.9346
4,bottom,10,1,0,0.9276
4,bottom,10,1,1,0.9289
4,bottom,10,1,2,0.9289
4,bottom,10,1,3,0.9302
4,bottom,10,1,4,0.9289
4,bottom,10,1,5,0.9302
4,bottom,10,1,6,0.9302
4,bottom,10,1,7,0.9315
4,bottom,10,2,0,0.9241
4,bottom,10,2,1,0.9255
4,bottom,10,2,2,0.9255
4,bottom,10,2,3,0.9269
4,bottom,10,2,4,0.9255
4,bottom,10,2,5,0.9269
4,bottom,10,2,6,0.9269
4,bottom,10,2,7,0.9282
5,top,-10,0,0,0.0067
5,top,-10,0,1,0.0068
5,top,-10,0,2,0.0068
5,top,-10,0,3,0.007
5,top,-10,0,4,0.0068
5,top,-10,0,5,0.007
5,top,-10,0,6,0.007
5,top,-10,0,7,0.0071
5,top,-10,1,0,0.0064
5,top,-10,1,1,0.0065
5,top,-10,1,2,0.0065
5,top,-10,1,3,0.0066
5,top,-10,1,4,0.0065
5,top,-10,1,5,0.0066
5,top,-10,1,6,0.0066
5,top,-10,1,7,0.0068
5,top,-10,2,0,0.0061
5,top,-10,2,1,0.0062
5,top,-10,2,2,0.0062
5,top,-10,2,3,0.0063
5,top,-10,2,4,0.0062
5,top,-10,2,5,0.0063
5,top,-10,2,6,0.0063
5,top,-10,2,7,0.0064
5,top,-9,0,0,0.0122
5,top,-9,0,1,0.0125
5,top,-9,0,2,0.0125
5,top,-9,0,3,0.0127
5,top,-9,0,4,0.0125
5,top,-9,0,5,0.0127
5,top,-9,0,6,0.0127
5,top,-9,0,7,0.013
5,top,-9,1,0,0.0116
5,top,-9,1,1,0.0119
5,top,-9,1,2,0.0119
5,top,-9,1,3,0.0121
5,top,-9,1,4,0.0119
5,top,-9,1,5,0.0121
5,top,-9,1,6,0.0121
5,top,-9,1,7,0.0123
5,top,-9,2,0,0.0111
5,top,-9,2,1,0.0113
5,top,-9,2,2,0.0113
5,top,-9,2,3,0.0115
5,top,-9,2,4,0.0113
5,top,-9,2,5,0.0115
5,top,-9,2,6,0.0115
5,top,-9,2,7,0.0118
5,top,-8,0,0,0.0217
5,top,-8,0,1,0.0221
5,top,-8,0,2,0.0221
5,top,-8,0,3,0.0226
5,top,-8,0,4,0.0221
5,top,-8,0,5,0.0226
5,top,-8,0,6,0.0226
5,top,-8,0,7,0.023
5,top,-8,1,0,0.0207
5,top,-8,1,1,0.0211
5,top,-8,1,2,0.0211
5,top,-8,1,3,0.0215
5,top,-8,1,4,0.0211
5,top,-8,1,5,0.0215
5,top,-8,1,6,0.0215
5,top,-8,1,7,0.0219
5,top,-8,2,0,0.0197
5,top,-8,2,1,0.0201
5,top,-8,2,2,0.0201
5,top,-8,2,3,0.0205
5,top,-8,2,4,0.0201
5,top,-8,2,5,0.0205
5,top,-8,2,6,0.0205
5,top,-8,2,7,0.0209
5,top,-7,0,0,0.0374
5,top,-7,0,1,0.0381
5,top,-7,0,2,0.0381
5,top,-7,0,3,0.0389
5,top,-7,0,4,0.0381
5,top,-7,0,5,0.0389
5,top,-7,0,6,0.0389
5,top,-7,0,7,0.0396
5,top,-7,1,0,0.0356
5,top,-7,1,1,0.0363
5,top,-7,1,2,0.0363
5,top,-7,1,3,0.037
5,top,-7,1,4,0.0363
5,top,-7,1,5,0.037
5,top,-7,1,6,0.037
5,top,-7,1,7,0.0378
5,top,-7,2,0,0.034
5,top,-7,2,1,0.0346
5,top,-7,2,2,0.0346
5,top,-7,2,3,0.0353
5,top,-7,2,4,0.0346
5,top,-7,2,5,0.0353
5,top,-7,2,6,0.0353
5,top,-7,2,7,0.036
5,top,-6,0,0,0.0623
5,top,-6,0,1,0.0634
5,top,-6,0,2,0.0634
5,top,-6,0,3,0.0646
5,top,-6,0,4,0.0634
5,top,-6,0,5,0.0646
5,top,-6,0,6,0.0646
5,top,-6,0,7,0.0659
5,top,-6,1,0,0.0594
5,top,-6,1,1,0.0605
5,top,-6,1,2,0.0605
5,top,-6,1,3,0.0617
5,top,-6,1,4,0.0605
5,top,-6,1,5,0.0617
5,top,-6,1,6,0.0617
5,top,-6,1,7,0.0629
5,top,-6,2,0,0.0567
5,top,-6,2,1,0.0578
5,top,-6,2,2,0.0578
5,top,-6,2,3,0.0589
5,top,-6,2,4,0.0578
5,top,-6,2,5,0.0589
5,top,-6,2,6,0.0589
5,top,-6,2,7,0.06
5,top,-5,0,0,0.0998
5,top,-5,0,1,0.1016
5,top,-5,0,2,0.1016
5,top,-5,0,3,0.1034
5,top,-5,0,4,0.1016
5,top,-5,0,5,0.1034
5,top,-5,0,6,0.1034
5,top,-5,0,7,0.1053
5,top,-5,1,0,0.0953
5,top,-5,1,1,0.0971
5,top,-5,1,2,0.0971
5,top,-5,1,3,0.0989
5,top,-5,1,4,0.0971
5,top,-5,1,5,0.0989
5,top,-5,1,6,0.0989
5,top,-5,1,7,0.1007
5,top,-5,2,0,0.0911
5,top,-5,2,1,0.0928
5,top,-5,2,2,0.0928
5,top,-5,2,3,0.0945
5,top,-5,2,4,0.0928
5,top,-5,2,5,0.0945
5,top,-5,2,6,0.0945
5,top,-5,2,7,0.0962
5,top,-4,0,0,0.1529
5,top,-4,0,1,0.1555
5,top,-4,0,2,0.1555
5,top,-4,0,3,0.1582
5,top,-4,0,4,0.1555
5,top,-4,0,5,0.1582
5,top,-4,0,6,0.1582
5,top,-4,0,7,0.1608
5,top,-4,1,0,0.1465
5,top,-4,1,1,0.1491
5,top,-4,1,2,0.1491
5,top,-4,1,3,0.1516
5,top,-4,1,4,0.1491
5,top,-4,1,5,0.1516
5,top,-4,1,6,0.1516
5,top,-4,1,7,0.1542
5,top,-4,2,0,0.1404
5,top,-4,2,1,0.1428
5,top,-4,2,2,0.1428
5,top,-4,2,3,0.1453
5,top,-4,2,4,0.1428
5,top,-4,2,5,0.1453
5,top,-4,2,6,0.1453
5,top,-4,2,7,0.1478
5,top,-3,0,0,0.223
5,top,-3,0,1,0.2265
5,top,-3,0,2,0.2265
5,top,-3,0,3,0.2301
5,top,-3,0,4,0.2265
5,top,-3,0,5,0.2301
5,top,-3,0,6,0.2301
5,top,-3,0,7,0.2336
5,top,-3,1,0,0.2145
5,top,-3,1,1,0.2179
5,top,-3,1,2,0.2179
5,top,-3,1,3,0.2213
5,top,-3,1,4,0.2179
5,top,-3,1,5,0.2213
5,top,-3,1,6,0.2213
5,top,-3,1,7,0.2248
5,top,-3,2,0,0.2062
5,top,-3,2,1,0.2095
5,top,-3,2,2,0.2095
5,top,-3,2,3,0.2128
5,top,-3,2,4,0.2095
5,top,-3,2,5,0.2128
5,top,-3,2,6,0.2128
5,top,-3,2,7,0.2162
5,top,-2,0,0,0.3083
5,top,-2,0,1,0.3126
5,top,-2,0,2,0.3126
5,top,-2,0,3,0.3169
5,top,-2,0,4,0.3126
5,top,-2,0,5,0.3169
5,top,-2,0,6,0.3169
5,top,-2,0,7,0.3213
5,top,-2,1,0,0.2978
5,top,-2,1,1,0.302
5,top,-2,1,2,0.302
5,top,-2,1,3,0.3062
5,top,-2,1,4,0.302
5,top,-2,1,5,0.3062
5,top,-2,1,6,0.3062
5,top,-2,1,7,0.3105
5,top,-2,2,0,0.2874
5,top,-2,2,1,0.2915
5,top,-2,2,2,0.2915
5,top,-2,2,3,0.2957
5,top,-2,2,4,0.2915
5,top,-2,2,5,0.2957
5,top,-2,2,6,0.2957
5,top,-2,2,7,0.2999
5,top,-1,0,0,0.4032
5,top,-1,0,1,0.4081
5,top,-1,0,2,0.4081
5,top,-1,0,3,0.4129
5,top,-1,0,4,0.4081
5,top,-1,0,5,0.4129
5,top,-1,0,6,0.4129
5,top,-1,0,7,0.4178
5,top,-1,1,0,0.3913
5,top,-1,1,1,0.396
5,top,-1,1,2,0.396
5,top,-1,1,3,0.4008
5,top,-1,1,4,0.396
5,top,-1,1,5,0.4008
5,top,-1,1,6,0.4008
5,top,-1,1,7,0.4056
5,top,-1,2,0,0.3794
5,top,-1,2,1,0.3841
5,top,-1,2,2,0.3841
5,top,-1,2,3,0.3889
5,top,-1,2,4,0.3841
5,top,-1,2,5,0.3889
5,top,-1,2,6,0.3889
5,top,-1,2,7,0.3936
5,top,0,0,0,0.5
5,top,0,0,1,0.505
5,top,0,0,2,0.505
5,top,0,0,3,0.51
5,top,0,0,4,0.505
5,top,0,0,5,0.51
5,top,0,0,6,0.51
5,top,0,0,7,0.515
5,top,0,1,0,0.4875
5,top,0,1,1,0.4925
5,top,0,1,2,0.4925
5,top,0,1,3,0.4975
5,top,0,1,4,0.4925
5,top,0,1,5,0.4975
5,top,0,1,6,0.4975
5,top,0,1,7,0.5025
5,top,0,2,0,0.475
5,top,0,2,1,0.48
5,top,0,2,2,0.48
5,top,0,2,3,0.485
5,top,0,2,4,0.48
5,top,0,2,5,0.485
5,top,0,2,6,0.485
5,top,0,2,7,0.49
5,top,1,0,0,0.591
5,top,1,0,1,0.5958
5,top,1,0,2,0.5958
5,top,1,0,3,0.6006
5,top,1,0,4,0.5958
5,top,1,0,5,0.6006
5,top,1,0,6,0.6006
5,top,1,0,7,0.6054
5,top,1,1,0,0.5788
5,top,1,1,1,0.5837
5,top,1,1,2,0.5837
5,top,1,1,3,0.5886
5,top,1,1,4,0.5837
5,top,1,1,5,0.5886
5,top,1,1,6,0.5886
5,top,1,1,7,0.5934
5,top,1,2,0,0.5666
5,top,1,2,1,0.5715
5,top,1,2,2,0.5715
5,top,1,2,3,0.5764
5,top,1,2,4,0.5715
5,top,1,2,5,0.5764
5,top,1,2,6,0.5764
5,top,1,2,7,0.5813
5,top,2,0,0,0.6708
5,top,2,0,1,0.6752
5,top,2,0,2,0.6752
5,top,2,0,3,0.6796
5,top,2,0,4,0.6752
5,top,2,0,5,0.6796
5,top,2,0,6,0.6796
5,top,2,0,7,0.684
5,top,2,1,0,0.6597
5,top,2,1,1,0.6642
5,top,2,1,2,0.6642
5,top,2,1,3,0.6686
5,top,2,1,4,0.6642
5,top,2,1,5,0.6686
5,top,2,1,6,0.6686
5,top,2,1,7,0.673
5,top,2,2,0,0.6484
5,top,2,2,1,0.6529
5,top,2,2,2,0.6529
5,top,2,2,3,0.6575
5,top,2,2,4,0.6529
5,top,2,2,5,0.6575
5,top,2,2,6,0.6575
5,top,2,2,7,0.662
5,top,3,0,0,0.7373
5,top,3,0,1,0.7412
5,top,3,0,2,0.7412
5,top,3,0,3,0.745
5,top,3,0,4,0.7412
5,top,3,0,5,0.745
5,top,3,0,6,0.745
5,top,3,0,7,0.7488
5,top,3,1,0,0.7275
5,top,3,1,1,0.7315
5,top,3,1,2,0.7315
5,top,3,1,3,0.7354
5,top,3,1,4,0.7315
5,top,3,1,5,0.7354
5,top,3,1,6,0.7354
5,top,3,1,7,0.7392
5,top,3,2,0,0.7175
5,top,3,2,1,0.7215
5,top,3,2,2,0.7215
5,top,3,2,3,0.7255
5,top,3,2,4,0.7215
5,top,3,2,5,0.7255
5,top,3,2,6,0.7255
5,top,3,2,7,0.7295
5,top,4,0,0,0.7905
5,top,4,0,1,0.7938
5,top,4,0,2,0.7938
5,top,4,0,3,0.7971
5,top,4,0,4,0.7938
5,top,4,0,5,0.7971
5,top,4,0,6,0.7971
5,top,4,0,7,0.8003
5,top,4,1,0,0.7821
5,top,4,1,1,0.7855
5,top,4,1,2,0.7855
5,top,4,1,3,0.7888
5,top,4,1,4,0.7855
5,top,4,1,5,0.7888
5,top,4,1,6,0.7888
5,top,4,1,7,0.7922
5,top,4,2,0,0.7735
5,top,4,2,1,0.777
5,top,4,2,2,0.777
5,top,4,2,3,0.7804
5,top,4,2,4,0.777
5,top,4,2,5,0.7804
5,top,4,2,6,0.7804
5,top,4,2,7,0.7838
5,top,5,0,0,0.832
5,top,5,0,1,0.8348
5,top,5,0,2,0.8348
5,top,5,0,3,0.8375
5,top,5,0,4,0.8348
5,top,5,0,5,0.8375
5,top,5,0,6,0.8375
5,top,5,0,7,0.8402
5,top,5,1,0,0.8249
5,top,5,1,1,0.8278
5,top,5,1,2,0.8278
5,top,5,1,3,0.8306
5,top,5,1,4,0.8278
5,top,5,1,5,0.8306
5,top,5,1,6,0.8306
5,top,5,1,7,0.8334
5,top,5,2,0,0.8176
5,top,5,2,1,0.8205
5,top,5,2,2,0.8205
5,top,5,2,3,0.8235
5,top,5,2,4,0.8205
5,top,5,2,5,0.8235
5,top,5,2,6,0.8235
5,top,5,2,7,0.8264
5,top,6,0,0,0.8639
5,top,6,0,1,0.8662
5,top,6,0,2,0.8662
5,top,6,0,3,0.8685
5,top,6,0,4,0.8662
5,top,6,0,5,0.8685
5,top,6,0,6,0.8685
5,top,6,0,7,0.8708
5,top,6,1,0,0.8579
5,top,6,1,1,0.8603
5,top,6,1,2,0.8603
5,top,6,1,3,0.8627
5,top,6,1,4,0.8603
5,top,6,1,5,0.8627
5,top,6,1,6,0.8627
5,top,6,1,7,0.8651
5,top,6,2,0,0.8517
5,top,6,2,1,0.8542
5,top,6,2,2,0.8542
5,top,6,2,3,0.8567
5,top,6,2,4,0.8542
5,top,6,2,5,0.8567
5,top,6,2,6,0.8567
5,top,6,2,7,0.8591
5,top,7,0,0,0.8882
5,top,7,0,1,0.8901
5,top,7,0,2,0.8901
5,top,7,0,3,0.8921
5,top,7,0,4,0.8901
5,top,7,0,5,0.8921
5,top,7,0,6,0.8921
5,top,7,0,7,0.894
5,top,7,1,0,0.8831
5,top,7,1,1,0.8851
5,top,7,1,2,0.8851
5,top,7,1,3,0.8872
5,top,7,1,4,0.8851
5,top,7,1,5,0.8872
5,top,7,1,6,0.8872
5,top,7,1,7,0.8891
5,top,7,2,0,0.8778
5,top,7,2,1,0.88
5,top,7,2,2,0.88
5,top,7,2,3,0.8821
5,top,7,2,4,0.88
5,top,7,2,5,0.8821
5,top,7,2,6,0.8821
5,top,7,2,7,0.8841
5,top,8,0,0,0.9065
5,top,8,0,1,0.9082
5,top,8,0,2,0.9082
5,top,8,0,3,0.9099
5,top,8,0,4,0.9082
5,top,8,0,5,0.9099
5,top,8,0,6,0.9099
5,top,8,0,7,0.9115
5,top,8,1,0,0.9022
5,top,8,1,1,0.904
5,top,8,1,2,0.904
5,top,8,1,3,0.9057
5,top,8,1,4,0.904
5,top,8,1,5,0.9057
5,top,8,1,6,0.9057
5,top,8,1,7,0.9074
5,top,8,2,0,0.8977
5,top,8,2,1,0.8995
5,top,8,2,2,0.8995
5,top,8,2,3,0.9013
5,top,8,2,4,0.8995
5,top,8,2,5,0.9013
5,top,8,2,6,0.9013
5,top,8,2,7,0.9031
5,top,9,0,0,0.9204
5,top,9,0,1,0.9219
5,top,9,0,2,0.9219
5,top,9,0,3,0.9233
5,top,9,0,4,0.9219
5,top,9,0,5,0.9233
5,top,9,0,6,0.9233
5,top,9,0,7,0.9247
5,top,9,1,0,0.9167
5,top,9,1,1,0.9182
5,top,9,1,2,0.9182
5,top,9,1,3,0.9197
5,top,9,1,4,0.9182
5,top,9,1,5,0.9197
5,top,9,1,6,0.9197
5,top,9,1,7,0.9211
5,top,9,2,0,0.9128
5,top,9,2,1,0.9144
5,top,9,2,2,0.9144
5,top,9,2,3,0.9159
5,top,9,2,4,0.9144
5,top,9,2,5,0.9159
5,top,9,2,6,0.9159
5,top,9,2,7,0.9174
5,top,10,0,0,0.9309
5,top,10,0,1,0.9321
5,top,10,0,2,0.9321
5,top,10,0,3,0.9334
5,top,10,0,4,0.9321
5,top,10,0,5,0.9334
5,top,10,0,6,0.9334
5,top,10,0,7,0.9346
5,top,10,1,0,0.9276
5,top,10,1,1,0.9289
5,top,10,1,2,0.9289
5,top,10,1,3,0.9302
5,top,10,1,4,0.9289
5,top,10,1,5,0.9302
5,top,10,1,6,0.9302
5,top,10,1,7,0.9315
5,top,10,2,0,0.9241
5,top,10,2,1,0.9255
5,top,10,2,2,0.9255
5,top,10,2,3,0.9269
5,top,10,2,4,0.9255
5,top,10,2,5,0.9269
5,top,10,2,6,0.9269
5,top,10,2,7,0.9282
5,bottom,-10,0,0,0.0067
5,bottom,-10,0,1,0.0068
5,bottom,-10,0,2,0.0068
5,bottom,-10,0,3,0.007
5,bottom,-10,0,4,0.0068
5,bottom,-10,0,5,0.007
5,bottom,-10,0,6,0.007
5,bottom,-10,0,7,0.0071
5,bottom,-10,1,0,0.0064
5,bottom,-10,1,1,0.0065
5,bottom,-10,1,2,0.0065
5,bottom,-10,1,3,0.0066
5,bottom,-10,1,4,0.0065
5,bottom,-10,1,5,0.0066
5,bottom,-10,1,6,0.0066
5,bottom,-10,1,7,0.0068
5,bottom,-10,2,0,0.0061
5,bottom,-10,2,1,0.0062
5,bottom,-10,2,2,0.0062
5,bottom,-10,2,3,0.0063
5,bottom,-10,2,4,0.0062
5,bottom,-10,2,5,0.0063
5,bottom,-10,2,6,0.0063
5,bottom,-10,2,7,0.0064
5,bottom,-9,0,0,0.0122
5,bottom,-9,0,1,0.0125
5,bottom,-9,0,2,0.0125
5,bottom,-9,0,3,0.0127
5,bottom,-9,0,4,0.0125
5,bottom,-9,0,5,0.0127
5,bottom,-9,0,6,0.0127
5,bottom,-9,0,7,0.013
5,bottom,-9,1,0,0.0116
5,bottom,-9,1,1,0.0119
5,bottom,-9,1,2,0.0119
5,bottom,-9,1,3,0.0121
5,bottom,-9,1,4,0.0119
5,bottom,-9,1,5,0.0121
5,bottom,-9,1,6,0.0121
5,bottom,-9,1,7,0.0123
5,bottom,-9,2,0,0.0111
5,bottom,-9,2,1,0.0113
5,bottom,-9,2,2,0.0113
5,bottom,-9,2,3,0.0115
5,bottom,-9,2,4,0.0113
5,bottom,-9,2,5,0.0115
5,bottom,-9,2,6,0.0115
5,bottom,-9,2,7,0.0118
5,bottom,-8,0,0,0.0217
5,bottom,-8,0,1,0.0221
5,bottom,-8,0,2,0.0221
5,bottom,-8,0,3,0.0226
5,bottom,-8,0,4,0.0221
5,bottom,-8,0,5,0.0226
5,bottom,-8,0,6,0.0226
5,bottom,-8,0,7,0.023
5,bottom,-8,1,0,0.0207
5,bottom,-8,1,1,0.0211
5,bottom,-8,1,2,0.0211
5,bottom,-8,1,3,0.0215
5,bottom,-8,1,4,0.0211
5,bottom,-8,1,5,0.0215
5,bottom,-8,1,6,0.0215
5,bottom,-8,1,7,0.0219
5,bottom,-8,2,0,0.0197
5,bottom,-8,2,1,0.0201
5,bottom,-8,2,2,0.0201
5,bottom,-8,2,3,0.0205
5,bottom,-8,2,4,0.0201
5,bottom,-8,2,5,0.0205
5,bottom,-8,2,6,0.0205
5,bottom,-8,2,7,0.0209
5,bottom,-7,0,0,0.0374
5,bottom,-7,0,1,0.0381
5,bottom,-7,0,2,0.0381
5,bottom,-7,0,3,0.0389
5,bottom,-7,0,4,0.0381
5,bottom,-7,0,5,0.0389
5,bottom,-7,0,6,0.0389
5,bottom,-7,0,7,0.0396
5,bottom,-7,1,0,0.0356
5,bottom,-7,1,1,0.0363
5,bottom,-7,1,2,0.0363
5,bottom,-7,1,3,0.037
5,bottom,-7,1,4,0.0363
5,bottom,-7,1,5,0.037
5,bottom,-7,1,6,0.037
5,bottom,-7,1,7,0.0378
5,bottom,-7,2,0,0.034
5,bottom,-7,2,1,0.0346
5,bottom,-7,2,2,0.0346
5,bottom,-7,2,3,0.0353
5,bottom,-7,2,4,0.0346
5,bottom,-7,2,5,0.0353
5,bottom,-7,2,6,0.0353
5,bottom,-7,2,7,0.036
5,bottom,-6,0,0,0.0623
5,bottom,-6,0,1,0.0634
5,bottom,-6,0,2,0.0634
5,bottom,-6,0,3,0.0646
5,bottom,-6,0,4,0.0634
5,bottom,-6,0,5,0.0646
5,bottom,-6,0,6,0.0646
5,bottom,-6,0,7,0.0659
5,bottom,-6,1,0,0.0594
5,bottom,-6,1,1,0.0605
5,bottom,-6,1,2,0.0605
5,bottom,-6,1,3,0.0617
5,bottom,-6,1,4,0.0605
5,bottom,-6,1,5,0.0617
5,bottom,-6,1,6,0.0617
5,bottom,-6,1,7,0.0629
5,bottom,-6,2,0,0.0567
5,bottom,-6,2,1,0.0578
5,bottom,-6,2,2,0.0578
5,bottom,-6,2,3,0.0589
5,bottom,-6,2,4,0.0578
5,bottom,-6,2,5,0.0589
5,bottom,-6,2,6,0.0589
5,bottom,-6,2,7,0.06
5,bottom,-5,0,0,0.0998
5,bottom,-5,0,1,0.1016
5,bottom,-5,0,2,0.1016
5,bottom,-5,0,3,0.1034
5,bottom,-5,0,4,0.1016
5,bottom,-5,0,5,0.1034
5,bottom,-5,0,6,0.1034
5,bottom,-5,0,7,0.1053
5,bottom,-5,1,0,0.0953
5,bottom,-5,1,1,0.0971
5,bottom,-5,1,2,0.0971
5,bottom,-5,1,3,0.0989
5,bottom,-5,1,4,0.0971
5,bottom,-5,1,5,0.0989
5,bottom,-5,1,6,0.0989
5,bottom,-5,1,7,0.1007
5,bottom,-5,2,0,0.0911
5,bottom,-5,2,1,0.0928
5,bottom,-5,2,2,0.0928
5,bottom,-5,2,3,0.0945
5,bottom,-5,2,4,0.0928
5,bottom,-5,2,5,0.0945
5,bottom,-5,2,6,0.0945
5,bottom,-5,2,7,0.0962
5,bottom,-4,0,0,0.1529
5,bottom,-4,0,1,0.1555
5,bottom,-4,0,2,0.1555
5,bottom,-4,0,3,0.1582
5,bottom,-4,0,4,0.1555
5,bottom,-4,0,5,0.1582
5,bottom,-4,0,6,0.1582
5,bottom,-4,0,7,0.1608
5,bottom,-4,1,0,0.1465
5,bottom,-4,1,1,0.1491
5,bottom,-4,1,2,0.1491
5,bottom,-4,1,3,0.1516
5,bottom,-4,1,4,0.1491
5,bottom,-4,1,5,0.1516
5,bottom,-4,1,6,0.1516
5,bottom,-4,1,7,0.1542
5,bottom,-4,2,0,0.1404
5,bottom,-4,2,1,0.1428
5,bottom,-4,2,2,0.1428
5,bottom,-4,2,3,0.1453
5,bottom,-4,2,4,0.1428
5,bottom,-4,2,5,0.1453
5,bottom,-4,2,6,0.1453
5,bottom,-4,2,7,0.1478
5,bottom,-3,0,0,0.223
5,bottom,-3,0,1,0.2265
5,bottom,-3,0,2,0.2265
5,bottom,-3,0,3,0.2301
5,bottom,-3,0,4,0.2265
5,bottom,-3,0,5,0.2301
5,bottom,-3,0,6,0.2301
5,bottom,-3,0,7,0.2336
5,bottom,-3,1,0,0.2145
5,bottom,-3,1,1,0.2179
5,bottom,-3,1,2,0.2179
5,bottom,-3,1,3,0.2213
5,bottom,-3,1,4,0.2179
5,bottom,-3,1,5,0.2213
5,bottom,-3,1,6,0.2213
5,bottom,-3,1,7,0.2248
5,bottom,-3,2,0,0.2062
5,bottom,-3,2,1,0.2095
5,bottom,-3,2,2,0.2095
5,bottom,-3,2,3,0.2128
5,bottom,-3,2,4,0.2095
5,bottom,-3,2,5,0.2128
5,bottom,-3,2,6,0.2128
5,bottom,-3,2,7,0.2162
5,bottom,-2,0,0,0.3083
5,bottom,-2,0,1,0.3126
5,bottom,-2,0,2,0.3126
5,bottom,-2,0,3,0.3169
5,bottom,-2,0,4,0.3126
5,bottom,-2,0,5,0.3169
5,bottom,-2,0,6,0.3169
5,bottom,-2,0,7,0.3213
5,bottom,-2,1,0,0.2978
5,bottom,-2,1,1,0.302
5,bottom,-2,1,2,0.302
5,bottom,-2,1,3,0.3062
5,bottom,-2,1,4,0.302
5,bottom,-2,1,5,0.3062
5,bottom,-2,1,6,0.3062
5,bottom,-2,1,7,0.3105
5,bottom,-2,2,0,0.2874
5,bottom,-2,2,1,0.2915
5,bottom,-2,2,2,0.2915
5,bottom,-2,2,3,0.2957
5,bottom,-2,2,4,0.2915
5,bottom,-2,2,5,0.2957
5,bottom,-2,2,6,0.2957
5,bottom,-2,2,7,0.2999
5,bottom,-1,0,0,0.4032
5,bottom,-1,0,1,0.4081
5,bottom,-1,0,2,0.4081
5,bottom,-1,0,3,0.4129
5,bottom,-1,0,4,0.4081
5,bottom,-1,0,5,0.4129
5,bottom,-1,0,6,0.4129
5,bottom,-1,0,7,0.4178
5,bottom,-1,1,0,0.3913
5,bottom,-1,1,1,0.396
5,bottom,-1,1,2,0.396
5,bottom,-1,1,3,0.4008
5,bottom,-1,1,4,0.396
5,bottom,-1,1,5,0.4008
5,bottom,-1,1,6,0.4008
5,bottom,-1,1,7,0.4056
5,bottom,-1,2,0,0.3794
5,bottom,-1,2,1,0.3841
5,bottom,-1,2,2,0.3841
5,bottom,-1,2,3,0.3889
5,bottom,-1,2,4,0.3841
5,bottom,-1,2,5,0.3889
5,bottom,-1,2,6,0.3889
5,bottom,-1,2,7,0.3936
5,bottom,0,0,0,0.5
5,bottom,0,0,1,0.505
5,bottom,0,0,2,0.505
5,bottom,0,0,3,0.51
5,bottom,0,0,4,0.505
5,bottom,0,0,5,0.51
5,bottom,0,0,6,0.51
5,bottom,0,0,7,0.515
5,bottom,0,1,0,0.4875
5,bottom,0,1,1,0.4925
5,bottom,0,1,2,0.4925
5,bottom,0,1,3,0.4975
5,bottom,0,1,4,0.4925
5,bottom,0,1,5,0.4975
5,bottom,0,1,6,0.4975
5,bottom,0,1,7,0.5025
5,bottom,0,2,0,0.475
5,bottom,0,2,1,0.48
5,bottom,0,2,2,0.48
5,bottom,0,2,3,0.485
5,bottom,0,2,4,0.48
5,bottom,0,2,5,0.485
5,bottom,0,2,6,0.485
5,bottom,0,2,7,0.49
5,bottom,1,0,0,0.591
5,bottom,1,0,1,0.5958
5,bottom,1,0,2,0.5958
5,bottom,1,0,3,0.6006
5,bottom,1,0,4,0.5958
5,bottom,1,0,5,0.6006
5,bottom,1,0,6,0.6006
5,bottom,1,0,7,0.6054
5,bottom,1,1,0,0.5788
5,bottom,1,1,1,0.5837
5,bottom,1,1,2,0.5837
5,bottom,1,1,3,0.5886
5,bottom,1,1,4,0.5837
5,bottom,1,1,5,0.5886
5,bottom,1,1,6,0.5886
5,bottom,1,1,7,0.5934
5,bottom,1,2,0,0.5666
5,bottom,1,2,1,0.5715
5,bottom,1,2,2,0.5715
5,bottom,1,2,3,0.5764
5,bottom,1,2,4,0.5715
5,bottom,1,2,5,0.5764
5,bottom,1,2,6,0.5764
5,bottom,1,2,7,0.5813
5,bottom,2,0,0,0.6708
5,bottom,2,0,1,0.6752
5,bottom,2,0,2,0.6752
5,bottom,2,0,3,0.6796
5,bottom,2,0,4,0.6752
5,bottom,2,0,5,0.6796
5,bottom,2,0,6,0.6796
5,bottom,2,0,7,0.684
5,bottom,2,1,0,0.6597
5,bottom,2,1,1,0.6642
5,bottom,2,1,2,0.6642
5,bottom,2,1,3,0.6686
5,bottom,2,1,4,0.6642
5,bottom,2,1,5,0.6686
5,bottom,2,1,6,0.6686
5,bottom,2,1,7,0.673
5,bottom,2,2,0,0.6484
5,bottom,2,2,1,0.6529
5,bottom,2,2,2,0.6529
5,bottom,2,2,3,0.6575
5,bottom,2,2,4,0.6529
5,bottom,2,2,5,0.6575
5,bottom,2,2,6,0.6575
5,bottom,2,2,7,0.662
5,bottom,3,0,0,0.7373
5,bottom,3,0,1,0.7412
5,bottom,3,0,2,0.7412
5,bottom,3,0,3,0.745
5,bottom,3,0,4,0.7412
5,bottom,3,0,5,0.745
5,bottom,3,0,6,0.745
5,bottom,3,0,7,0.7488
5,bottom,3,1,0,0.7275
5,bottom,3,1,1,0.7315
5,bottom,3,1,2,0.7315
5,bottom,3,1,3,0.7354
5,bottom,3,1,4,0.7315
5,bottom,3,1,5,0.7354
5,bottom,3,1,6,0.7354
5,bottom,3,1,7,0.7392
5,bottom,3,2,0,0.7175
5,bottom,3,2,1,0.7215
5,bottom,3,2,2,0.7215
5,bottom,3,2,3,0.7255
5,bottom,3,2,4,0.7215
5,bottom,3,2,5,0.7255
5,bottom,3,2,6,0.7255
5,bottom,3,2,7,0.7295
5,bottom,4,0,0,0.7905
5,bottom,4,0,1,0.7938
5,bottom,4,0,2,0.7938
5,bottom,4,0,3,0.7971
5,bottom,4,0,4,0.7938
5,bottom,4,0,5,0.7971
5,bottom,4,0,6,0.7971
5,bottom,4,0,7,0.8003
5,bottom,4,1,0,0.7821
5,bottom,4,1,1,0.7855
5,bottom,4,1,2,0.7855
5,bottom,4,1,3,0.7888
5,bottom,4,1,4,0.7855
5,bottom,4,1,5,0.7888
5,bottom,4,1,6,0.7888
5,bottom,4,1,7,0.7922
5,bottom,4,2,0,0.7735
5,bottom,4,2,1,0.777
5,bottom,4,2,2,0.777
5,bottom,4,2,3,0.7804
5,bottom,4,2,4,0.777
5,bottom,4,2,5,0.7804
5,bottom,4,2,6,0.7804
5,bottom,4,2,7,0.7838
5,bottom,5,0,0,0.832
5,bottom,5,0,1,0.8348
5,bottom,5,0,2,0.8348
5,bottom,5,0,3,0.8375
5,bottom,5,0,4,0.8348
5,bottom,5,0,5,0.8375
5,bottom,5,0,6,0.8375
5,bottom,5,0,7,0.8402
5,bottom,5,1,0,0.8249
5,bottom,5,1,1,0.8278
5,bottom,5,1,2,0.8278
5,bottom,5,1,3,0.8306
5,bottom,5,1,4,0.8278
5,bottom,5,1,5,0.8306
5,bottom,5,1,6,0.8306
5,bottom,5,1,7,0.8334
5,bottom,5,2,0,0.8176
5,bottom,5,2,1,0.8205
5,bottom,5,2,2,0.8205
5,bottom,5,2,3,0.8235
5,bottom,5,2,4,0.8205
5,bottom,5,2,5,0.8235
5,bottom,5,2,6,0.8235
5,bottom,5,2,7,0.8264
5,bottom,6,0,0,0.8639
5,bottom,6,0,1,0.8662
5,bottom,6,0,2,0.8662
5,bottom,6,0,3,0.8685
5,bottom,6,0,4,0.8662
5,bottom,6,0,5,0.8685
5,bottom,6,0,6,0.8685
5,bottom,6,0,7,0.8708
5,bottom,6,1,0,0.8579
5,bottom,6,1,1,0.8603
5,bottom,6,1,2,0.8603
5,bottom,6,1,3,0.8627
5,bottom,6,1,4,0.8603
5,bottom,6,1,5,0.8627
5,bottom,6,1,6,0.8627
5,bottom,6,1,7,0.8651
5,bottom,6,2,0,0.8517
5,bottom,6,2,1,0.8542
5,bottom,6,2,2,0.8542
5,bottom,6,2,3,0.8567
5,bottom,6,2,4,0.8542
5,bottom,6,2,5,0.8567
5,bottom,6,2,6,0.8567
5,bottom,6,2,7,0.8591
5,bottom,7,0,0,0.8882
5,bottom,7,0,1,0.8901
5,bottom,7,0,2,0.8901
5,bottom,7,0,3,0.8921
5,bottom,7,0,4,0.8901
5,bottom,7,0,5,0.8921
5,bottom,7,0,6,0.8921
5,bottom,7,0,7,0.894
5,bottom,7,1,0,0.8831
5,bottom,7,1,1,0.8851
5,bottom,7,1,2,0.8851
5,bottom,7,1,3,0.8872
5,bottom,7,1,4,0.8851
5,bottom,7,1,5,0.8872
5,bottom,7,1,6,0.8872
5,bottom,7,1,7,0.8891
5,bottom,7,2,0,0.8778
5,bottom,7,2,1,0.88
5,bottom,7,2,2,0.88
5,bottom,7,2,3,0.8821
5,bottom,7,2,4,0.88
5,bottom,7,2,5,0.8821
5,bottom,7,2,6,0.8821
5,bottom,7,2,7,0.8841
5,bottom,8,0,0,0.9065
5,bottom,8,0,1,0.9082
5,bottom,8,0,2,0.9082
5,bottom,8,0,3,0.9099
5,bottom,8,0,4,0.9082
5,bottom,8,0,5,0.9099
5,bottom,8,0,6,0.9099
5,bottom,8,0,7,0.9115
5,bottom,8,1,0,0.9022
5,bottom,8,1,1,0.904
5,bottom,8,1,2,0.904
5,bottom,8,1,3,0.9057
5,bottom,8,1,4,0.904
5,bottom,8,1,5,0.9057
5,bottom,8,1,6,0.9057
5,bottom,8,1,7,0.9074
5,bottom,8,2,0,0.8977
5,bottom,8,2,1,0.8995
5,bottom,8,2,2,0.8995
5,bottom,8,2,3,0.9013
5,bottom,8,2,4,0.8995
5,bottom,8,2,5,0.9013
5,bottom,8,2,6,0.9013
5,bottom,8,2,7,0.9031
5,bottom,9,0,0,0.9204
5,bottom,9,0,1,0.9219
5,bottom,9,0,2,0.9219
5,bottom,9,0,3,0.9233
5,bottom,9,0,4,0.9219
5,bottom,9,0,5,0.9233
5,bottom,9,0,6,0.9233
5,bottom,9,0,7,0.9247
5,bottom,9,1,0,0.9167
5,bottom,9,1,1,0.9182
5,bottom,9,1,2,0.9182
5,bottom,9,1,3,0.9197
5,bottom,9,1,4,0.9182
5,bottom,9,1,5,0.9197
5,bottom,9,1,6,0.9197
5,bottom,9,1,7,0.9211
5,bottom,9,2,0,0.9128
5,bottom,9,2,1,0.9144
5,bottom,9,2,2,0.9144
5,bottom,9,2,3,0.9159
5,bottom,9,2,4,0.9144
5,bottom,9,2,5,0.9159
5,bottom,9,2,6,0.9159
5,bottom,9,2,7,0.9174
5,bottom,10,0,0,0.9309
5,bottom,10,0,1,0.9321
5,bottom,10,0,2,0.9321
5,bottom,10,0,3,0.9334
5,bottom,10,0,4,0.9321
5,bottom,10,0,5,0.9334
5,bottom,10,0,6,0.9334
5,bottom,10,0,7,0.9346
5,bottom,10,1,0,0.9276
5,bottom,10,1,1,0.9289
5,bottom,10,1,2,0.9289
5,bottom,10,1,3,0.9302
5,bottom,10,1,4,0.9289
5,bottom,10,1,5,0.9302
5,bottom,10,1,6,0.9302
5,bottom,10,1,7,0.9315
5,bottom,10,2,0,0.9241
5,bottom,10,2,1,0.9255
5,bottom,10,2,2,0.9255
5,bottom,10,2,3,0.9269
5,bottom,10,2,4,0.9255
5,bottom,10,2,5,0.9269
5,bottom,10,2,6,0.9269
5,bottom,10,2,7,0.9282
6,top,-10,0,0,0.0067
6,top,-10,0,1,0.0068
6,top,-10,0,2,0.0068
6,top,-10,0,3,0.007
6,top,-10,0,4,0.0068
6,top,-10,0,5,0.007
6,top,-10,0,6,0.007
6,top,-10,0,7,0.0071
6,top,-10,1,0,0.0064
6,top,-10,1,1,0.0065
6,top,-10,1,2,0.0065
6,top,-10,1,3,0.0066
6,top,-10,1,4,0.0065
6,top,-10,1,5,0.0066
6,top,-10,1,6,0.0066
6,top,-10,1,7,0.0068
6,top,-10,2,0,0.0061
6,top,-10,2,1,0.0062
6,top,-10,2,2,0.0062
6,top,-10,2,3,0.0063
6,top,-10,2,4,0.0062
6,top,-10,2,5,0.0063
6,top,-10,2,6,0.0063
6,top,-10,2,7,0.0064
6,top,-9,0,0,0.0122
6,top,-9,0,1,0.0125
6,top,-9,0,2,0.0125
6,top,-9,0,3,0.0127
6,top,-9,0,4,0.0125
6,top,-9,0,5,0.0127
6,top,-9,0,6,0.0127
6,top,-9,0,7,0.013
6,top,-9,1,0,0.0116
6,top,-9,1,1,0.0119
6,top,-9,1,2,0.0119
6,top,-9,1,3,0.0121
6,top,-9,1,4,0.0119
6,top,-9,1,5,0.0121
6,top,-9,1,6,0.0121
6,top,-9,1,7,0.0123
6,top,-9,2,0,0.0111
6,top,-9,2,1,0.0113
6,top,-9,2,2,0.0113
6,top,-9,2,3,0.0115
6,top,-9,2,4,0.0113
6,top,-9,2,5,0.0115
6,top,-9,2,6,0.0115
6,top,-9,2,7,0.0118
6,top,-8,0,0,0.0217
6,top,-8,0,1,0.0221
6,top,-8,0,2,0.0221
6,top,-8,0,3,0.0226
6,top,-8,0,4,0.0221
6,top,-8,0,5,0.0226
6,top,-8,0,6,0.0226
6,top,-8,0,7,0.023
6,top,-8,1,0,0.0207
6,top,-8,1,1,0.0211
6,top,-8,1,2,0.0211
6,top,-8,1,3,0.0215
6,top,-8,1,4,0.0211
6,top,-8,1,5,0.0215
6,top,-8,1,6,0.0215
6,top,-8,1,7,0.0219
6,top,-8,2,0,0.0197
6,top,-8,2,1,0.0201
6,top,-8,2,2,0.0201
6,top,-8,2,3,0.0205
6,top,-8,2,4,0.0201
6,top,-8,2,5,0.0205
6,top,-8,2,6,0.0205
6,top,-8,2,7,0.0209
6,top,-7,0,0,0.0374
6,top,-7,0,1,0.0381
6,top,-7,0,2,0.0381
6,top,-7,0,3,0.0389
6,top,-7,0,4,0.0381
6,top,-7,0,5,0.0389
6,top,-7,0,6,0.0389
6,top,-7,0,7,0.0396
6,top,-7,1,0,0.0356
6,top,-7,1,1,0.0363
6,top,-7,1,2,0.0363
6,top,-7,1,3,0.037
6,top,-7,1,4,0.0363
6,top,-7,1,5,0.037
6,top,-7,1,6,0.037
6,top,-7,1,7,0.0378
6,top,-7,2,0,0.034
6,top,-7,2,1,0.0346
6,top,-7,2,2,0.0346
6,top,-7,2,3,0.0353
6,top,-7,2,4,0.0346
6,top,-7,2,5,0.0353
6,top,-7,2,6,0.0353
6,top,-7,2,7,0.036
6,top,-6,0,0,0.0623
6,top,-6,0,1,0.0634
6,top,-6,0,2,0.0634
6,top,-6,0,3,0.0646
6,top,-6,0,4,0.0634
6,top,-6,0,5,0.0646
6,top,-6,0,6,0.0646
6,top,-6,0,7,0.0659
6,top,-6,1,0,0.0594
6,top,-6,1,1,0.0605
6,top,-6,1,2,0.0605
6,top,-6,1,3,0.0617
6,top,-6,1,4,0.0605
6,top,-6,1,5,0.0617
6,top,-6,1,6,0.0617
6,top,-6,1,7,0.0629
6,top,-6,2,0,0.0567
6,top,-6,2,1,0.0578
6,top,-6,2,2,0.0578
6,top,-6,2,3,0.0589
6,top,-6,2,4,0.0578
6,top,-6,2,5,0.0589
6,top,-6,2,6,0.0589
6,top,-6,2,7,0.06
6,top,-5,0,0,0.0998
6,top,-5,0,1,0.1016
6,top,-5,0,2,0.1016
6,top,-5,0,3,0.1034
6,top,-5,0,4,0.1016
6,top,-5,0,5,0.1034
6,top,-5,0,6,0.1034
6,top,-5,0,7,0.1053
6,top,-5,1,0,0.0953
6,top,-5,1,1,0.0971
6,top,-5,1,2,0.0971
6,top,-5,1,3,0.0989
6,top,-5,1,4,0.0971
6,top,-5,1,5,0.0989
6,top,-5,1,6,0.0989
6,top,-5,1,7,0.1007
6,top,-5,2,0,0.0911
6,top,-5,2,1,0.0928
6,top,-5,2,2,0.0928
6,top,-5,2,3,0.0945
6,top,-5,2,4,0.0928
6,top,-5,2,5,0.0945
6,top,-5,2,6,0.0945
6,top,-5,2,7,0.0962
6,top,-4,0,0,0.1529
6,top,-4,0,1,0.1555
6,top,-4,0,2,0.1555
6,top,-4,0,3,0.1582
6,top,-4,0,4,0.1555
6,top,-4,0,5,0.1582
6,top,-4,0,6,0.1582
6,top,-4,0,7,0.1608
6,top,-4,1,0,0.1465
6,top,-4,1,1,0.1491
6,top,-4,1,2,0.1491
6,top,-4,1,3,0.1516
6,top,-4,1,4,0.1491
6,top,-4,1,5,0.1516
6,top,-4,1,6,0.1516
6,top,-4,1,7,0.1542
6,top,-4,2,0,0.1404
6,top,-4,2,1,0.1428
6,top,-4,2,2,0.1428
6,top,-4,2,3,0.1453
6,top,-4,2,4,0.1428
6,top,-4,2,5,0.1453
6,top,-4,2,6,0.1453
6,top,-4,2,7,0.1478
6,top,-3,0,0,0.223
6,top,-3,0,1,0.2265
6,top,-3,0,2,0.2265
6,top,-3,0,3,0.2301
6,top,-3,0,4,0.2265
6,top,-3,0,5,0.2301
6,top,-3,0,6,0.2301
6,top,-3,0,7,0.2336
6,top,-3,1,0,0.2145
6,top,-3,1,1,0.2179
6,top,-3,1,2,0.2179
6,top,-3,1,3,0.2213
6,top,-3,1,4,0.2179
6,top,-3,1,5,0.2213
6,top,-3,1,6,0.2213
6,top,-3,1,7,0.2248
6,top,-3,2,0,0.2062
6,top,-3,2,1,0.2095
6,top,-3,2,2,0.2095
6,top,-3,2,3,0.2128
6,top,-3,2,4,0.2095
6,top,-3,2,5,0.2128
6,top,-3,2,6,0.2128
6,top,-3,2,7,0.2162
6,top,-2,0,0,0.3083
6,top,-2,0,1,0.3126
6,top,-2,0,2,0.3126
6,top,-2,0,3,0.3169
6,top,-2,0,4,0.3126
6,top,-2,0,5,0.3169
6,top,-2,0,6,0.3169
6,top,-2,0,7,0.3213
6,top,-2,1,0,0.2978
6,top,-2,1,1,0.302
6,top,-2,1,2,0.302
6,top,-2,1,3,0.3062
6,top,-2,1,4,0.302
6,top,-2,1,5,0.3062
6,top,-2,1,6,0.3062
6,top,-2,1,7,0.3105
6,top,-2,2,0,0.2874
6,top,-2,2,1,0.2915
6,top,-2,2,2,0.2915
6,top,-2,2,3,0.2957
6,top,-2,2,4,0.2915
6,top,-2,2,5,0.2957
6,top,-2,2,6,0.2957
6,top,-2,2,7,0.2999
6,top,-1,0,0,0.4032
6,top,-1,0,1,0.4081
6,top,-1,0,2,0.4081
6,top,-1,0,3,0.4129
6,top,-1,0,4,0.4081
6,top,-1,0,5,0.4129
6,top,-1,0,6,0.4129
6,top,-1,0,7,0.4178
6,top,-1,1,0,0.3913
6,top,-1,1,1,0.396
6,top,-1,1,2,0.396
6,top,-1,1,3,0.4008
6,top,-1,1,4,0.396
6,top,-1,1,5,0.4008
6,top,-1,1,6,0.4008
6,top,-1,1,7,0.4056
6,top,-1,2,0,0.3794
6,top,-1,2,1,0.3841
6,top,-1,2,2,0.3841
6,top,-1,2,3,0.3889
6,top,-1,2,4,0.3841
6,top,-1,2,5,0.3889
6,top,-1,2,6,0.3889
6,top,-1,2,7,0.3936
6,top,0,0,0,0.5
6,top,0,0,1,0.505
6,top,0,0,2,0.505
6,top,0,0,3,0.51
6,top,0,0,4,0.505
6,top,0,0,5,0.51
6,top,0,0,6,0.51
6,top,0,0,7,0.515
6,top,0,1,0,0.4875
6,top,0,1,1,0.4925
6,top,0,1,2,0.4925
6,top,0,1,3,0.4975
6,top,0,1,4,0.4925
6,top,0,1,5,0.4975
6,top,0,1,6,0.4975
6,top,0,1,7,0.5025
6,top,0,2,0,0.475
6,top,0,2,1,0.48
6,top,0,2,2,0.48
6,top,0,2,3,0.485
6,top,0,2,4,0.48
6,top,0,2,5,0.485
6,top,0,2,6,0.485
6,top,0,2,7,0.49
6,top,1,0,0,0.591
6,top,1,0,1,0.5958
6,top,1,0,2,0.5958
6,top,1,0,3,0.6006
6,top,1,0,4,0.5958
6,top,1,0,5,0.6006
6,top,1,0,6,0.6006
6,top,1,0,7,0.6054
6,top,1,1,0,0.5788
6,top,1,1,1,0.5837
6,top,1,1,2,0.5837
6,top,1,1,3,0.5886
6,top,1,1,4,0.5837
6,top,1,1,5,0.5886
6,top,1,1,6,0.5886
6,top,1,1,7,0.5934
6,top,1,2,0,0.5666
6,top,1,2,1,0.5715
6,top,1,2,2,0.5715
6,top,1,2,3,0.5764
6,top,1,2,4,0.5715
6,top,1,2,5,0.5764
6,top,1,2,6,0.5764
6,top,1,2,7,0.5813
6,top,2,0,0,0.6708
6,top,2,0,1,0.6752
6,top,2,0,2,0.6752
6,top,2,0,3,0.6796
6,top,2,0,4,0.6752
6,top,2,0,5,0.6796
6,top,2,0,6,0.6796
6,top,2,0,7,0.684
6,top,2,1,0,0.6597
6,top,2,1,1,0.6642
6,top,2,1,2,0.6642
6,top,2,1,3,0.6686
6,top,2,1,4,0.6642
6,top,2,1,5,0.6686
6,top,2,1,6,0.6686
6,top,2,1,7,0.673
6,top,2,2,0,0.6484
6,top,2,2,1,0.6529
6,top,2,2,2,0.6529
6,top,2,2,3,0.6575
6,top,2,2,4,0.6529
6,top,2,2,5,0.6575
6,top,2,2,6,0.6575
6,top,2,2,7,0.662
6,top,3,0,0,0.7373
6,top,3,0,1,0.7412
6,top,3,0,2,0.7412
6,top,3,0,3,0.745
6,top,3,0,4,0.7412
6,top,3,0,5,0.745
6,top,3,0,6,0.745
6,top,3,0,7,0.7488
6,top,3,1,0,0.7275
6,top,3,1,1,0.7315
6,top,3,1,2,0.7315
6,top,3,1,3,0.7354
6,top,3,1,4,0.7315
6,top,3,1,5,0.7354
6,top,3,1,6,0.7354
6,top,3,1,7,0.7392
6,top,3,2,0,0.7175
6,top,3,2,1,0.7215
6,top,3,2,2,0.7215
6,top,3,2,3,0.7255
6,top,3,2,4,0.7215
6,top,3,2,5,0.7255
6,top,3,2,6,0.7255
6,top,3,2,7,0.7295
6,top,4,0,0,0.7905
6,top,4,0,1,0.7938
6,top,4,0,2,0.7938
6,top,4,0,3,0.7971
6,top,4,0,4,0.7938
6,top,4,0,5,0.7971
6,top,4,0,6,0.7971
6,top,4,0,7,0.8003
6,top,4,1,0,0.7821
6,top,4,1,1,0.7855
6,top,4,1,2,0.7855
6,top,4,1,3,0.7888
6,top,4,1,4,0.7855
6,top,4,1,5,0.7888
6,top,4,1,6,0.7888
6,top,4,1,7,0.7922
6,top,4,2,0,0.7735
6,top,4,2,1,0.777
6,top,4,2,2,0.777
6,top,4,2,3,0.7804
6,top,4,2,4,0.777
6,top,4,2,5,0.7804
6,top,4,2,6,0.7804
6,top,4,2,7,0.7838
6,top,5,0,0,0.832
6,top,5,0,1,0.8348
6,top,5,0,2,0.8348
6,top,5,0,3,0.8375
6,top,5,0,4,0.8348
6,top,5,0,5,0.8375
6,top,5,0,6,0.8375
6,top,5,0,7,0.8402
6,top,5,1,0,0.8249
6,top,5,1,1,0.8278
6,top,5,1,2,0.8278
6,top,5,1,3,0.8306
6,top,5,1,4,0.8278
6,top,5,1,5,0.8306
6,top,5,1,6,0.8306
6,top,5,1,7,0.8334
6,top,5,2,0,0.8176
6,top,5,2,1,0.8205
6,top,5,2,2,0.8205
6,top,5,2,3,0.8235
6,top,5,2,4,0.8205
6,top,5,2,5,0.8235
6,top,5,2,6,0.8235
6,top,5,2,7,0.8264
6,top,6,0,0,0.8639
6,top,6,0,1,0.8662
6,top,6,0,2,0.8662
6,top,6,0,3,0.8685
6,top,6,0,4,0.8662
6,top,6,0,5,0.8685
6,top,6,0,6,0.8685
6,top,6,0,7,0.8708
6,top,6,1,0,0.8579
6,top,6,1,1,0.8603
6,top,6,1,2,0.8603
6,top,6,1,3,0.8627
6,top,6,1,4,0.8603
6,top,6,1,5,0.8627
6,top,6,1,6,0.8627
6,top,6,1,7,0.8651
6,top,6,2,0,0.8517
6,top,6,2,1,0.8542
6,top,6,2,2,0.8542
6,top,6,2,3,0.8567
6,top,6,2,4,0.8542
6,top,6,2,5,0.8567
6,top,6,2,6,0.8567
6,top,6,2,7,0.8591
6,top,7,0,0,0.8882
6,top,7,0,1,0.8901
6,top,7,0,2,0.8901
6,top,7,0,3,0.8921
6,top,7,0,4,0.8901
6,top,7,0,5,0.8921
6,top,7,0,6,0.8921
6,top,7,0,7,0.894
6,top,7,1,0,0.8831
6,top,7,1,1,0.8851
6,top,7,1,2,0.8851
6,top,7,1,3,0.8872
6,top,7,1,4,0.8851
6,top,7,1,5,0.8872
6,top,7,1,6,0.8872
6,top,7,1,7,0.8891
6,top,7,2,0,0.8778
6,top,7,2,1,0.88
6,top,7,2,2,0.88
6,top,7,2,3,0.8821
6,top,7,2,4,0.88
6,top,7,2,5,0.8821
6,top,7,2,6,0.8821
6,top,7,2,7,0.8841
6,top,8,0,0,0.9065
6,top,8,0,1,0.9082
6,top,8,0,2,0.9082
6,top,8,0,3,0.9099
6,top,8,0,4,0.9082
6,top,8,0,5,0.9099
6,top,8,0,6,0.9099
6,top,8,0,7,0.9115
6,top,8,1,0,0.9022
6,top,8,1,1,0.904
6,top,8,1,2,0.904
6,top,8,1,3,0.9057
6,top,8,1,4,0.904
6,top,8,1,5,0.9057
6,top,8,1,6,0.9057
6,top,8,1,7,0.9074
6,top,8,2,0,0.8977
6,top,8,2,1,0.8995
6,top,8,2,2,0.8995
6,top,8,2,3,0.9013
6,top,8,2,4,0.8995
6,top,8,2,5,0.9013
6,top,8,2,6,0.9013
6,top,8,2,7,0.9031
6,top,9,0,0,0.9204
6,top,9,0,1,0.9219
6,top,9,0,2,0.9219
6,top,9,0,3,0.9233
6,top,9,0,4,0.9219
6,top,9,0,5,0.9233
6,top,9,0,6,0.9233
6,top,9,0,7,0.9247
6,top,9,1,0,0.9167
6,top,9,1,1,0.9182
6,top,9,1,2,0.9182
6,top,9,1,3,0.9197
6,top,9,1,4,0.9182
6,top,9,1,5,0.9197
6,top,9,1,6,0.9197
6,top,9,1,7,0.9211
6,top,9,2,0,0.9128
6,top,9,2,1,0.9144
6,top,9,2,2,0.9144
6,top,9,2,3,0.9159
6,top,9,2,4,0.9144
6,top,9,2,5,0.9159
6,top,9,2,6,0.9159
6,top,9,2,7,0.9174
6,top,10,0,0,0.9309
6,top,10,0,1,0.9321
6,top,10,0,2,0.9321
6,top,10,0,3,0.9334
6,top,10,0,4,0.9321
6,top,10,0,5,0.9334
6,top,10,0,6,0.9334
6,top,10,0,7,0.9346
6,top,10,1,0,0.9276
6,top,10,1,1,0.9289
6,top,10,1,2,0.9289
6,top,10,1,3,0.9302
6,top,10,1,4,0.9289
6,top,10,1,5,0.9302
6,top,10,1,6,0.9302
6,top,10,1,7,0.9315
6,top,10,2,0,0.9241
6,top,10,2,1,0.9255
6,top,10,2,2,0.9255
6,top,10,2,3,0.9269
6,top,10,2,4,0.9255
6,top,10,2,5,0.9269
6,top,10,2,6,0.9269
6,top,10,2,7,0.9282
6,bottom,-10,0,0,0.0067
6,bottom,-10,0,1,0.0068
6,bottom,-10,0,2,0.0068
6,bottom,-10,0,3,0.007
6,bottom,-10,0,4,0.0068
6,bottom,-10,0,5,0.007
6,bottom,-10,0,6,0.007
6,bottom,-10,0,7,0.0071
6,bottom,-10,1,0,0.0064
6,bottom,-10,1,1,0.0065
6,bottom,-10,1,2,0.0065
6,bottom,-10,1,3,0.0066
6,bottom,-10,1,4,0.0065
6,bottom,-10,1,5,0.0066
6,bottom,-10,1,6,0.0066
6,bottom,-10,1,7,0.0068
6,bottom,-10,2,0,0.0061
6,bottom,-10,2,1,0.0062
6,bottom,-10,2,2,0.0062
6,bottom,-10,2,3,0.0063
6,bottom,-10,2,4,0.0062
6,bottom,-10,2,5,0.0063
6,bottom,-10,2,6,0.0063
6,bottom,-10,2,7,0.0064
6,bottom,-9,0,0,0.0122
6,bottom,-9,0,1,0.0125
6,bottom,-9,0,2,0.0125
6,bottom,-9,0,3,0.0127
6,bottom,-9,0,4,0.0125
6,bottom,-9,0,5,0.0127
6,bottom,-9,0,6,0.0127
6,bottom,-9,0,7,0.013
6,bottom,-9,1,0,0.0116
6,bottom,-9,1,1,0.0119
6,bottom,-9,1,2,0.0119
6,bottom,-9,1,3,0.0121
6,bottom,-9,1,4,0.0119
6,bottom,-9,1,5,0.0121
6,bottom,-9,1,6,0.0121
6,bottom,-9,1,7,0.0123
6,bottom,-9,2,0,0.0111
6,bottom,-9,2,1,0.0113
6,bottom,-9,2,2,0.0113
6,bottom,-9,2,3,0.0115
6,bottom,-9,2,4,0.0113
6,bottom,-9,2,5,0.0115
6,bottom,-9,2,6,0.0115
6,bottom,-9,2,7,0.0118
6,bottom,-8,0,0,0.0217
6,bottom,-8,0,1,0.0221
6,bottom,-8,0,2,0.0221
6,bottom,-8,0,3,0.0226
6,bottom,-8,0,4,0.0221
6,bottom,-8,0,5,0.0226
6,bottom,-8,0,6,0.0226
6,bottom,-8,0,7,0.023
6,bottom,-8,1,0,0.0207
6,bottom,-8,1,1,0.0211
6,bottom,-8,1,2,0.0211
6,bottom,-8,1,3,0.0215
6,bottom,-8,1,4,0.0211
6,bottom,-8,1,5,0.0215
6,bottom,-8,1,6,0.0215
6,bottom,-8,1,7,0.0219
6,bottom,-8,2,0,0.0197
6,bottom,-8,2,1,0.0201
6,bottom,-8,2,2,0.0201
6,bottom,-8,2,3,0.0205
6,bottom,-8,2,4,0.0201
6,bottom,-8,2,5,0.0205
6,bottom,-8,2,6,0.0205
6,bottom,-8,2,7,0.0209
6,bottom,-7,0,0,0.0374
6,bottom,-7,0,1,0.0381
6,bottom,-7,0,2,0.0381
6,bottom,-7,0,3,0.0389
6,bottom,-7,0,4,0.0381
6,bottom,-7,0,5,0.0389
6,bottom,-7,0,6,0.0389
6,bottom,-7,0,7,0.0396
6,bottom,-7,1,0,0.0356
6,bottom,-7,1,1,0.0363
6,bottom,-7,1,2,0.0363
6,bottom,-7,1,3,0.037
6,bottom,-7,1,4,0.0363
6,bottom,-7,1,5,0.037
6,bottom,-7,1,6,0.037
6,bottom,-7,1,7,0.0378
6,bottom,-7,2,0,0.034
6,bottom,-7,2,1,0.0346
6,bottom,-7,2,2,0.0346
6,bottom,-7,2,3,0.0353
6,bottom,-7,2,4,0.0346
6,bottom,-7,2,5,0.0353
6,bottom,-7,2,6,0.0353
6,bottom,-7,2,7,0.036
6,bottom,-6,0,0,0.0623
6,bottom,-6,0,1,0.0634
6,bottom,-6,0,2,0.0634
6,bottom,-6,0,3,0.0646
6,bottom,-6,0,4,0.0634
6,bottom,-6,0,5,0.0646
6,bottom,-6,0,6,0.0646
6,bottom,-6,0,7,0.0659
6,bottom,-6,1,0,0.0594
6,bottom,-6,1,1,0.0605
6,bottom,-6,1,2,0.0605
6,bottom,-6,1,3,0.0617
6,bottom,-6,1,4,0.0605
6,bottom,-6,1,5,0.0617
6,bottom,-6,1,6,0.0617
6,bottom,-6,1,7,0.0629
6,bottom,-6,2,0,0.0567
6,bottom,-6,2,1,0.0578
6,bottom,-6,2,2,0.0578
6,bottom,-6,2,3,0.0589
6,bottom,-6,2,4,0.0578
6,bottom,-6,2,5,0.0589
6,bottom,-6,2,6,0.0589
6,bottom,-6,2,7,0.06
6,bottom,-5,0,0,0.0998
6,bottom,-5,0,1,0.1016
6,bottom,-5,0,2,0.1016
6,bottom,-5,0,3,0.1034
6,bottom,-5,0,4,0.1016
6,bottom,-5,0,5,0.1034
6,bottom,-5,0,6,0.1034
6,bottom,-5,0,7,0.1053
6,bottom,-5,1,0,0.0953
6,bottom,-5,1,1,0.0971
6,bottom,-5,1,2,0.0971
6,bottom,-5,1,3,0.0989
6,bottom,-5,1,4,0.0971
6,bottom,-5,1,5,0.0989
6,bottom,-5,1,6,0.0989
6,bottom,-5,1,7,0.1007
6,bottom,-5,2,0,0.0911
6,bottom,-5,2,1,0.0928
6,bottom,-5,2,2,0.0928
6,bottom,-5,2,3,0.0945
6,bottom,-5,2,4,0.0928
6,bottom,-5,2,5,0.0945
6,bottom,-5,2,6,0.0945
6,bottom,-5,2,7,0.0962
6,bottom,-4,0,0,0.1529
6,bottom,-4,0,1,0.1555
6,bottom,-4,0,2,0.1555
6,bottom,-4,0,3,0.1582
6,bottom,-4,0,4,0.1555
6,bottom,-4,0,5,0.1582
6,bottom,-4,0,6,0.1582
6,bottom,-4,0,7,0.1608
6,bottom,-4,1,0,0.1465
6,bottom,-4,1,1,0.1491
6,bottom,-4,1,2,0.1491
6,bottom,-4,1,3,0.1516
6,bottom,-4,1,4,0.1491
6,bottom,-4,1,5,0.1516
6,bottom,-4,1,6,0.1516
6,bottom,-4,1,7,0.1542
6,bottom,-4,2,0,0.1404
6,bottom,-4,2,1,0.1428
6,bottom,-4,2,2,0.1428
6,bottom,-4,2,3,0.1453
6,bottom,-4,2,4,0.1428
6,bottom,-4,2,5,0.1453
6,bottom,-4,2,6,0.1453
6,bottom,-4,2,7,0.1478
6,bottom,-3,0,0,0.223
6,bottom,-3,0,1,0.2265
6,bottom,-3,0,2,0.2265
6,bottom,-3,0,3,0.2301
6,bottom,-3,0,4,0.2265
6,bottom,-3,0,5,0.2301
6,bottom,-3,0,6,0.2301
6,bottom,-3,0,7,0.2336
6,bottom,-3,1,0,0.2145
6,bottom,-3,1,1,0.2179
6,bottom,-3,1,2,0.2179
6,bottom,-3,1,3,0.2213
6,bottom,-3,1,4,0.2179
6,bottom,-3,1,5,0.2213
6,bottom,-3,1,6,0.2213
6,bottom,-3,1,7,0.2248
6,bottom,-3,2,0,0.2062
6,bottom,-3,2,1,0.2095
6,bottom,-3,2,2,0.2095
6,bottom,-3,2,3,0.2128
6,bottom,-3,2,4,0.2095
6,bottom,-3,2,5,0.2128
6,bottom,-3,2,6,0.2128
6,bottom,-3,2,7,0.2162
6,bottom,-2,0,0,0.3083
6,bottom,-2,0,1,0.3126
6,bottom,-2,0,2,0.3126
6,bottom,-2,0,3,0.3169
6,bottom,-2,0,4,0.3126
6,bottom,-2,0,5,0.3169
6,bottom,-2,0,6,0.3169
6,bottom,-2,0,7,0.3213
6,bottom,-2,1,0,0.2978
6,bottom,-2,1,1,0.302
6,bottom,-2,1,2,0.302
6,bottom,-2,1,3,0.3062
6,bottom,-2,1,4,0.302
6,bottom,-2,1,5,0.3062
6,bottom,-2,1,6,0.3062
6,bottom,-2,1,7,0.3105
6,bottom,-2,2,0,0.2874
6,bottom,-2,2,1,0.2915
6,bottom,-2,2,2,0.2915
6,bottom,-2,2,3,0.2957
6,bottom,-2,2,4,0.2915
6,bottom,-2,2,5,0.2957
6,bottom,-2,2,6,0.2957
6,bottom,-2,2,7,0.2999
6,bottom,-1,0,0,0.4032
6,bottom,-1,0,1,0.4081
6,bottom,-1,0,2,0.4081
6,bottom,-1,0,3,0.4129
6,bottom,-1,0,4,0.4081
6,bottom,-1,0,5,0.4129
6,bottom,-1,0,6,0.4129
6,bottom,-1,0,7,0.4178
6,bottom,-1,1,0,0.3913
6,bottom,-1,1,1,0.396
6,bottom,-1,1,2,0.396
6,bottom,-1,1,3,0.4008
6,bottom,-1,1,4,0.396
6,bottom,-1,1,5,0.4008
6,bottom,-1,1,6,0.4008
6,bottom,-1,1,7,0.4056
6,bottom,-1,2,0,0.3794
6,bottom,-1,2,1,0.3841
6,bottom,-1,2,2,0.3841
6,bottom,-1,2,3,0.3889
6,bottom,-1,2,4,0.3841
6,bottom,-1,2,5,0.3889
6,bottom,-1,2,6,0.3889
6,bottom,-1,2,7,0.3936
6,bottom,0,0,0,0.5
6,bottom,0,0,1,0.505
6,bottom,0,0,2,0.505
6,bottom,0,0,3,0.51
6,bottom,0,0,4,0.505
6,bottom,0,0,5,0.51
6,bottom,0,0,6,0.51
6,bottom,0,0,7,0.515
6,bottom,0,1,0,0.4875
6,bottom,0,1,1,0.4925
6,bottom,0,1,2,0.4925
6,bottom,0,1,3,0.4975
6,bottom,0,1,4,0.4925
6,bottom,0,1,5,0.4975
6,bottom,0,1,6,0.4975
6,bottom,0,1,7,0.5025
6,bottom,0,2,0,0.475
6,bottom,0,2,1,0.48
6,bottom,0,2,2,0.48
6,bottom,0,2,3,0.485
6,bottom,0,2,4,0.48
6,bottom,0,2,5,0.485
6,bottom,0,2,6,0.485
6,bottom,0,2,7,0.49
6,bottom,1,0,0,0.591
6,bottom,1,0,1,0.5958
6,bottom,1,0,2,0.5958
6,bottom,1,0,3,0.6006
6,bottom,1,0,4,0.5958
6,bottom,1,0,5,0.6006
6,bottom,1,0,6,0.6006
6,bottom,1,0,7,0.6054
6,bottom,1,1,0,0.5788
6,bottom,1,1,1,0.5837
6,bottom,1,1,2,0.5837
6,bottom,1,1,3,0.5886
6,bottom,1,1,4,0.5837
6,bottom,1,1,5,0.5886
6,bottom,1,1,6,0.5886
6,bottom,1,1,7,0.5934
6,bottom,1,2,0,0.5666
6,bottom,1,2,1,0.5715
6,bottom,1,2,2,0.5715
6,bottom,1,2,3,0.5764
6,bottom,1,2,4,0.5715
6,bottom,1,2,5,0.5764
6,bottom,1,2,6,0.5764
6,bottom,1,2,7,0.5813
6,bottom,2,0,0,0.6708
6,bottom,2,0,1,0.6752
6,bottom,2,0,2,0.6752
6,bottom,2,0,3,0.6796
6,bottom,2,0,4,0.6752
6,bottom,2,0,5,0.6796
6,bottom,2,0,6,0.6796
6,bottom,2,0,7,0.684
6,bottom,2,1,0,0.6597
6,bottom,2,1,1,0.6642
6,bottom,2,1,2,0.6642
6,bottom,2,1,3,0.6686
6,bottom,2,1,4,0.6642
6,bottom,2,1,5,0.6686
6,bottom,2,1,6,0.6686
6,bottom,2,1,7,0.673
6,bottom,2,2,0,0.6484
6,bottom,2,2,1,0.6529
6,bottom,2,2,2,0.6529
6,bottom,2,2,3,0.6575
6,bottom,2,2,4,0.6529
6,bottom,2,2,5,0.6575
6,bottom,2,2,6,0.6575
6,bottom,2,2,7,0.662
6,bottom,3,0,0,0.7373
6,bottom,3,0,1,0.7412
6,bottom,3,0,2,0.7412
6,bottom,3,0,3,0.745
6,bottom,3,0,4,0.7412
6,bottom,3,0,5,0.745
6,bottom,3,0,6,0.745
6,bottom,3,0,7,0.7488
6,bottom,3,1,0,0.7275
6,bottom,3,1,1,0.7315
6,bottom,3,1,2,0.7315
6,bottom,3,1,3,0.7354
6,bottom,3,1,4,0.7315
6,bottom,3,1,5,0.7354
6,bottom,3,1,6,0.7354
6,bottom,3,1,7,0.7392
6,bottom,3,2,0,0.7175
6,bottom,3,2,1,0.7215
6,bottom,3,2,2,0.7215
6,bottom,3,2,3,0.7255
6,bottom,3,2,4,0.7215
6,bottom,3,2,5,0.7255
6,bottom,3,2,6,0.7255
6,bottom,3,2,7,0.7295
6,bottom,4,0,0,0.7905
6,bottom,4,0,1,0.7938
6,bottom,4,0,2,0.7938
6,bottom,4,0,3,0.7971
6,bottom,4,0,4,0.7938
6,bottom,4,0,5,0.7971
6,bottom,4,0,6,0.7971
6,bottom,4,0,7,0.8003
6,bottom,4,1,0,0.7821
6,bottom,4,1,1,0.7855
6,bottom,4,1,2,0.7855
6,bottom,4,1,3,0.7888
6,bottom,4,1,4,0.7855
6,bottom,4,1,5,0.7888
6,bottom,4,1,6,0.7888
6,bottom,4,1,7,0.7922
6,bottom,4,2,0,0.7735
6,bottom,4,2,1,0.777
6,bottom,4,2,2,0.777
6,bottom,4,2,3,0.7804
6,bottom,4,2,4,0.777
6,bottom,4,2,5,0.7804
6,bottom,4,2,6,0.7804
6,bottom,4,2,7,0.7838
6,bottom,5,0,0,0.832
6,bottom,5,0,1,0.8348
6,bottom,5,0,2,0.8348
6,bottom,5,0,3,0.8375
6,bottom,5,0,4,0.8348
6,bottom,5,0,5,0.8375
6,bottom,5,0,6,0.8375
6,bottom,5,0,7,0.8402
6,bottom,5,1,0,0.8249
6,bottom,5,1,1,0.8278
6,bottom,5,1,2,0.8278
6,bottom,5,1,3,0.8306
6,bottom,5,1,4,0.8278
6,bottom,5,1,5,0.8306
6,bottom,5,1,6,0.8306
6,bottom,5,1,7,0.8334
6,bottom,5,2,0,0.8176
6,bottom,5,2,1,0.8205
6,bottom,5,2,2,0.8205
6,bottom,5,2,3,0.8235
6,bottom,5,2,4,0.8205
6,bottom,5,2,5,0.8235
6,bottom,5,2,6,0.8235
6,bottom,5,2,7,0.8264
6,bottom,6,0,0,0.8639
6,bottom,6,0,1,0.8662
6,bottom,6,0,2,0.8662
6,bottom,6,0,3,0.8685
6,bottom,6,0,4,0.8662
6,bottom,6,0,5,0.8685
6,bottom,6,0,6,0.8685
6,bottom,6,0,7,0.8708
6,bottom,6,1,0,0.8579
6,bottom,6,1,1,0.8603
6,bottom,6,1,2,0.8603
6,bottom,6,1,3,0.8627
6,bottom,6,1,4,0.8603
6,bottom,6,1,5,0.8627
6,bottom,6,1,6,0.8627
6,bottom,6,1,7,0.8651
6,bottom,6,2,0,0.8517
6,bottom,6,2,1,0.8542
6,bottom,6,2,2,0.8542
6,bottom,6,2,3,0.8567
6,bottom,6,2,4,0.8542
6,bottom,6,2,5,0.8567
6,bottom,6,2,6,0.8567
6,bottom,6,2,7,0.8591
6,bottom,7,0,0,0.8882
6,bottom,7,0,1,0.8901
6,bottom,7,0,2,0.8901
6,bottom,7,0,3,0.8921
6,bottom,7,0,4,0.8901
6,bottom,7,0,5,0.8921
6,bottom,7,0,6,0.8921
6,bottom,7,0,7,0.894
6,bottom,7,1,0,0.8831
6,bottom,7,1,1,0.8851
6,bottom,7,1,2,0.8851
6,bottom,7,1,3,0.8872
6,bottom,7,1,4,0.8851
6,bottom,7,1,5,0.8872
6,bottom,7,1,6,0.8872
6,bottom,7,1,7,0.8891
6,bottom,7,2,0,0.8778
6,bottom,7,2,1,0.88
6,bottom,7,2,2,0.88
6,bottom,7,2,3,0.8821
6,bottom,7,2,4,0.88
6,bottom,7,2,5,0.8821
6,bottom,7,2,6,0.8821
6,bottom,7,2,7,0.8841
6,bottom,8,0,0,0.9065
6,bottom,8,0,1,0.9082
6,bottom,8,0,2,0.9082
6,bottom,8,0,3,0.9099
6,bottom,8,0,4,0.9082
6,bottom,8,0,5,0.9099
6,bottom,8,0,6,0.9099
6,bottom,8,0,7,0.9115
6,bottom,8,1,0,0.9022
6,bottom,8,1,1,0.904
6,bottom,8,1,2,0.904
6,bottom,8,1,3,0.9057
6,bottom,8,1,4,0.904
6,bottom,8,1,5,0.9057
6,bottom,8,1,6,0.9057
6,bottom,8,1,7,0.9074
6,bottom,8,2,0,0.8977
6,bottom,8,2,1,0.8995
6,bottom,8,2,2,0.8995
6,bottom,8,2,3,0.9013
6,bottom,8,2,4,0.8995
6,bottom,8,2,5,0.9013
6,bottom,8,2,6,0.9013
6,bottom,8,2,7,0.9031
6,bottom,9,0,0,0.9204
6,bottom,9,0,1,0.9219
6,bottom,9,0,2,0.9219
6,bottom,9,0,3,0.9233
6,bottom,9,0,4,0.9219
6,bottom,9,0,5,0.9233
6,bottom,9,0,6,0.9233
6,bottom,9,0,7,0.9247
6,bottom,9,1,0,0.9167
6,bottom,9,1,1,0.9182
6,bottom,9,1,2,0.9182
6,bottom,9,1,3,0.9197
6,bottom,9,1,4,0.9182
6,bottom,9,1,5,0.9197
6,bottom,9,1,6,0.9197
6,bottom,9,1,7,0.9211
6,bottom,9,2,0,0.9128
6,bottom,9,2,1,0.9144
6,bottom,9,2,2,0.9144
6,bottom,9,2,3,0.9159
6,bottom,9,2,4,0.9144
6,bottom,9,2,5,0.9159
6,bottom,9,2,6,0.9159
6,bottom,9,2,7,0.9174
6,bottom,10,0,0,0.9309
6,bottom,10,0,1,0.9321
6,bottom,10,0,2,0.9321
6,bottom,10,0,3,0.9334
6,bottom,10,0,4,0.9321
6,bottom,10,0,5,0.9334
6,bottom,10,0,6,0.9334
6,bottom,10,0,7,0.9346
6,bottom,10,1,0,0.9276
6,bottom,10,1,1,0.9289
6,bottom,10,1,2,0.9289
6,bottom,10,1,3,0.9302
6,bottom,10,1,4,0.9289
6,bottom,10,1,5,0.9302
6,bottom,10,1,6,0.9302
6,bottom,10,1,7,0.9315
6,bottom,10,2,0,0.9241
6,bottom,10,2,1,0.9255
6,bottom,10,2,2,0.9255
6,bottom,10,2,3,0.9269
6,bottom,10,2,4,0.9255
6,bottom,10,2,5,0.9269
6,bottom,10,2,6,0.9269
6,bottom,10,2,7,0.9282
7,top,-10,0,0,0.0064
7,top,-10,0,1,0.0065
7,top,-10,0,2,0.0065
7,top,-10,0,3,0.0066
7,top,-10,0,4,0.0065
7,top,-10,0,5,0.0066
7,top,-10,0,6,0.0066
7,top,-10,0,7,0.0068
7,top,-10,1,0,0.0061
7,top,-10,1,1,0.0062
7,top,-10,1,2,0.0062
7,top,-10,1,3,0.0063
7,top,-10,1,4,0.0062
7,top,-10,1,5,0.0063
7,top,-10,1,6,0.0063
7,top,-10,1,7,0.0064
7,top,-10,2,0,0.0058
7,top,-10,2,1,0.0059
7,top,-10,2,2,0.0059
7,top,-10,2,3,0.006
7,top,-10,2,4,0.0059
7,top,-10,2,5,0.006
7,top,-10,2,6,0.006
7,top,-10,2,7,0.0061
7,top,-9,0,0,0.0117
7,top,-9,0,1,0.0119
7,top,-9,0,2,0.0119
7,top,-9,0,3,0.0122
7,top,-9,0,4,0.0119
7,top,-9,0,5,0.0122
7,top,-9,0,6,0.0122
7,top,-9,0,7,0.0124
7,top,-9,1,0,0.0111
7,top,-9,1,1,0.0114
7,top,-9,1,2,0.0114
7,top,-9,1,3,0.0116
7,top,-9,1,4,0.0114
7,top,-9,1,5,0.0116
7,top,-9,1,6,0.0116
7,top,-9,1,7,0.0118
7,top,-9,2,0,0.0106
7,top,-9,2,1,0.0108
7,top,-9,2,2,0.0108
7,top,-9,2,3,0.011
7,top,-9,2,4,0.0108
7,top,-9,2,5,0.011
7,top,-9,2,6,0.011
7,top,-9,2,7,0.0112
7,top,-8,0,0,0.0209
7,top,-8,0,1,0.0213
7,top,-8,0,2,0.0213
7,top,-8,0,3,0.0217
7,top,-8,0,4,0.0213
7,top,-8,0,5,0.0217
7,top,-8,0,6,0.0217
7,top,-8,0,7,0.0221
7,top,-8,1,0,0.0199
7,top,-8,1,1,0.0203
7,top,-8,1,2,0.0203
7,top,-8,1,3,0.0207
7,top,-8,1,4,0.0203
7,top,-8,1,5,0.0207
7,top,-8,1,6,0.0207
7,top,-8,1,7,0.0211
7,top,-8,2,0,0.0189
7,top,-8,2,1,0.0193
7,top,-8,2,2,0.0193
7,top,-8,2,3,0.0197
7,top,-8,2,4,0.0193
7,top,-8,2,5,0.0197
7,top,-8,2,6,0.0197
7,top,-8,2,7,0.0201
7,top,-7,0,0,0.0362
7,top,-7,0,1,0.0369
7,top,-7,0,2,0.0369
7,top,-7,0,3,0.0376
7,top,-7,0,4,0.0369
7,top,-7,0,5,0.0376
7,top,-7,0,6,0.0376
7,top,-7,0,7,0.0383
7,top,-7,1,0,0.0345
7,top,-7,1,1,0.0351
7,top,-7,1,2,0.0351
7,top,-7,1,3,0.0358
7,top,-7,1,4,0.0351
7,top,-7,1,5,0.0358
7,top,-7,1,6,0.0358
7,top,-7,1,7,0.0365
7,top,-7,2,0,0.0328
7,top,-7,2,1,0.0335
7,top,-7,2,2,0.0335
7,top,-7,2,3,0.0341
7,top,-7,2,4,0.0335
7,top,-7,2,5,0.0341
7,top,-7,2,6,0.0341
7,top,-7,2,7,0.0348
7,top,-6,0,0,0.0605
7,top,-6,0,1,0.0617
7,top,-6,0,2,0.0617
7,top,-6,0,3,0.0629
7,top,-6,0,4,0.0617
7,top,-6,0,5,0.0629
7,top,-6,0,6,0.0629
7,top,-6,0,7,0.064
7,top,-6,1,0,0.0578
7,top,-6,1,1,0.0589
7,top,-6,1,2,0.0589
7,top,-6,1,3,0.06
7,top,-6,1,4,0.0589
7,top,-6,1,5,0.06
7,top,-6,1,6,0.06
7,top,-6,1,7,0.0611
7,top,-6,2,0,0.0551
7,top,-6,2,1,0.0561
7,top,-6,2,2,0.0561
7,top,-6,2,3,0.0572
7,top,-6,2,4,0.0561
7,top,-6,2,5,0.0572
7,top,-6,2,6,0.0572
7,top,-6,2,7,0.0583
7,top,-5,0,0,0.0975
7,top,-5,0,1,0.0993
7,top,-5,0,2,0.0993
7,top,-5,0,3,0.1011
7,top,-5,0,4,0.0993
7,top,-5,0,5,0.1011
7,top,-5,0,6,0.1011
7,top,-5,0,7,0.1029
7,top,-5,1,0,0.0932
7,top,-5,1,1,0.0949
7,top,-5,1,2,0.0949
7,top,-5,1,3,0.0967
7,top,-5,1,4,0.0949
7,top,-5,1,5,0.0967
7,top,-5,1,6,0.0967
7,top,-5,1,7,0.0984
7,top,-5,2,0,0.0891
7,top,-5,2,1,0.0907
7,top,-5,2,2,0.0907
7,top,-5,2,3,0.0924
7,top,-5,2,4,0.0907
7,top,-5,2,5,0.0924
7,top,-5,2,6,0.0924
7,top,-5,2,7,0.0941
7,top,-4,0,0,0.1503
7,top,-4,0,1,0.1529
7,top,-4,0,2,0.1529
7,top,-4,0,3,0.1555
7,top,-4,0,4,0.1529
7,top,-4,0,5,0.1555
7,top,-4,0,6,0.1555
7,top,-4,0,7,0.1582
7,top,-4,1,0,0.1441
7,top,-4,1,1,0.1465
7,top,-4,1,2,0.1465
7,top,-4,1,3,0.1491
7,top,-4,1,4,0.1465
7,top,-4,1,5,0.1491
7,top,-4,1,6,0.1491
7,top,-4,1,7,0.1516
7,top,-4,2,0,0.138
7,top,-4,2,1,0.1404
7,top,-4,2,2,0.1404
7,top,-4,2,3,0.1428
7,top,-4,2,4,0.1404
7,top,-4,2,5,0.1428
7,top,-4,2,6,0.1428
7,top,-4,2,7,0.1453
7,top,-3,0,0,0.2205
7,top,-3,0,1,0.2239
7,top,-3,0,2,0.2239
7,top,-3,0,3,0.2274
7,top,-3,0,4,0.2239
7,top,-3,0,5,0.2274
7,top,-3,0,6,0.2274
7,top,-3,0,7,0.2309
7,top,-3,1,0,0.212
7,top,-3,1,1,0.2153
7,top,-3,1,2,0.2153
7,top,-3,1,3,0.2187
7,top,-3,1,4,0.2153
7,top,-3,1,5,0.2187
7,top,-3,1,6,0.2187
7,top,-3,1,7,0.2222
7,top,-3,2,0,0.2038
7,top,-3,2,1,0.207
7,top,-3,2,2,0.207
7,top,-3,2,3,0.2103
7,top,-3,2,4,0.207
7,top,-3,2,5,0.2103
7,top,-3,2,6,0.2103
7,top,-3,2,7,0.2137
7,top,-2,0,0,0.3062
7,top,-2,0,1,0.3105
7,top,-2,0,2,0.3105
7,top,-2,0,3,0.3148
7,top,-2,0,4,0.3105
7,top,-2,0,5,0.3148
7,top,-2,0,6,0.3148
7,top,-2,0,7,0.3191
7,top,-2,1,0,0.2957
7,top,-2,1,1,0.2999
7,top,-2,1,2,0.2999
7,top,-2,1,3,0.3041
7,top,-2,1,4,0.2999
7,top,-2,1,5,0.3041
7,top,-2,1,6,0.3041
7,top,-2,1,7,0.3083
7,top,-2,2,0,0.2854
7,top,-2,2,1,0.2895
7,top,-2,2,2,0.2895
7,top,-2,2,3,0.2936
7,top,-2,2,4,0.2895
7,top,-2,2,5,0.2936
7,top,-2,2,6,0.2936
7,top,-2,2,7,0.2978
7,top,-1,0,0,0.402
7,top,-1,0,1,0.4069
7,top,-1,0,2,0.4069
7,top,-1,0,3,0.4117
7,top,-1,0,4,0.4069
7,top,-1,0,5,0.4117
7,top,-1,0,6,0.4117
7,top,-1,0,7,0.4165
7,top,-1,1,0,0.3901
7,top,-1,1,1,0.3948
7,top,-1,1,2,0.3948
7,top,-1,1,3,0.3996
7,top,-1,1,4,0.3948
7,top,-1,1,5,0.3996
7,top,-1,1,6,0.3996
7,top,-1,1,7,0.4044
7,top,-1,2,0,0.3782
7,top,-1,2,1,0.383
7,top,-1,2,2,0.383
7,top,-1,2,3,0.3877
7,top,-1,2,4,0.383
7,top,-1,2,5,0.3877
7,top,-1,2,6,0.3877
7,top,-1,2,7,0.3925
7,top,0,0,0,0.5
7,top,0,0,1,0.505
7,top,0,0,2,0.505
7,top,0,0,3,0.51
7,top,0,0,4,0.505
7,top,0,0,5,0.51
7,top,0,0,6,0.51
7,top,0,0,7,0.515
7,top,0,1,0,0.4875
7,top,0,1,1,0.4925
7,top,0,1,2,0.4925
7,top,0,1,3,0.4975
7,top,0,1,4,0.4925
7,top,0,1,5,0.4975
7,top,0,1,6,0.4975
7,top,0,1,7,0.5025
7,top,0,2,0,0.475
7,top,0,2,1,0.48
7,top,0,2,2,0.48
7,top,0,2,3,0.485
7,top,0,2,4,0.48
7,top,0,2,5,0.485
7,top,0,2,6,0.485
7,top,0,2,7,0.49
7,top,1,0,0,0.5922
7,top,1,0,1,0.597
7,top,1,0,2,0.597
7,top,1,0,3,0.6018
7,top,1,0,4,0.597
7,top,1,0,5,0.6018
7,top,1,0,6,0.6018
7,top,1,0,7,0.6066
7,top,1,1,0,0.5801
7,top,1,1,1,0.5849
7,top,1,1,2,0.5849
7,top,1,1,3,0.5898
7,top,1,1,4,0.5849
7,top,1,1,5,0.5898
7,top,1,1,6,0.5898
7,top,1,1,7,0.5946
7,top,1,2,0,0.5678
7,top,1,2,1,0.5727
7,top,1,2,2,0.5727
7,top,1,2,3,0.5776
7,top,1,2,4,0.5727
7,top,1,2,5,0.5776
7,top,1,2,6,0.5776
7,top,1,2,7,0.5825
7,top,2,0,0,0.673
7,top,2,0,1,0.6774
7,top,2,0,2,0.6774
7,top,2,0,3,0.6818
7,top,2,0,4,0.6774
7,top,2,0,5,0.6818
7,top,2,0,6,0.6818
7,top,2,0,7,0.6861
7,top,2,1,0,0.662
7,top,2,1,1,0.6664
7,top,2,1,2,0.6664
7,top,2,1,3,0.6708
7,top,2,1,4,0.6664
7,top,2,1,5,0.6708
7,top,2,1,6,0.6708
7,top,2,1,7,0.6752
7,top,2,2,0,0.6507
7,top,2,2,1,0.6552
7,top,2,2,2,0.6552
7,top,2,2,3,0.6597
7,top,2,2,4,0.6552
7,top,2,2,5,0.6597
7,top,2,2,6,0.6597
7,top,2,2,7,0.6642
7,top,3,0,0,0.7402
7,top,3,0,1,0.744
7,top,3,0,2,0.744
7,top,3,0,3,0.7478
7,top,3,0,4,0.744
7,top,3,0,5,0.7478
7,top,3,0,6,0.7478
7,top,3,0,7,0.7516
7,top,3,1,0,0.7305
7,top,3,1,1,0.7344
7,top,3,1,2,0.7344
7,top,3,1,3,0.7383
7,top,3,1,4,0.7344
7,top,3,1,5,0.7383
7,top,3,1,6,0.7383
7,top,3,1,7,0.7421
7,top,3,2,0,0.7205
7,top,3,2,1,0.7245
7,top,3,2,2,0.7245
7,top,3,2,3,0.7285
7,top,3,2,4,0.7245
7,top,3,2,5,0.7285
7,top,3,2,6,0.7285
7,top,3,2,7,0.7324
7,top,4,0,0,0.7938
7,top,4,0,1,0.7971
7,top,4,0,2,0.7971
7,top,4,0,3,0.8003
7,top,4,0,4,0.7971
7,top,4,0,5,0.8003
7,top,4,0,6,0.8003
7,top,4,0,7,0.8035
7,top,4,1,0,0.7855
7,top,4,1,1,0.7888
7,top,4,1,2,0.7888
7,top,4,1,3,0.7922
7,top,4,1,4,0.7888
7,top,4,1,5,0.7922
7,top,4,1,6,0.7922
7,top,4,1,7,0.7954
7,top,4,2,0,0.777
7,top,4,2,1,0.7804
7,top,4,2,2,0.7804
7,top,4,2,3,0.7838
7,top,4,2,4,0.7804
7,top,4,2,5,0.7838
7,top,4,2,6,0.7838
7,top,4,2,7,0.7872
7,top,5,0,0,0.8355
7,top,5,0,1,0.8382
7,top,5,0,2,0.8382
7,top,5,0,3,0.8409
7,top,5,0,4,0.8382
7,top,5,0,5,0.8409
7,top,5,0,6,0.8409
7,top,5,0,7,0.8436
7,top,5,1,0,0.8285
7,top,5,1,1,0.8313
7,top,5,1,2,0.8313
7,top,5,1,3,0.8341
7,top,5,1,4,0.8313
7,top,5,1,5,0.8341
7,top,5,1,6,0.8341
7,top,5,1,7,0.8369
7,top,5,2,0,0.8213
7,top,5,2,1,0.8242
7,top,5,2,2,0.8242
7,top,5,2,3,0.8271
7,top,5,2,4,0.8242
7,top,5,2,5,0.8271
7,top,5,2,6,0.8271
7,top,5,2,7,0.8299
7,top,6,0,0,0.8674
7,top,6,0,1,0.8697
7,top,6,0,2,0.8697
7,top,6,0,3,0.8719
7,top,6,0,4,0.8697
7,top,6,0,5,0.8719
7,top,6,0,6,0.8719
7,top,6,0,7,0.8741
7,top,6,1,0,0.8615
7,top,6,1,1,0.8639
7,top,6,1,2,0.8639
7,top,6,1,3,0.8662
7,top,6,1,4,0.8639
7,top,6,1,5,0.8662
7,top,6,1,6,0.8662
7,top,6,1,7,0.8685
7,top,6,2,0,0.8554
7,top,6,2,1,0.8579
7,top,6,2,2,0.8579
7,top,6,2,3,0.8603
7,top,6,2,4,0.8579
7,top,6,2,5,0.8603
7,top,6,2,6,0.8603
7,top,6,2,7,0.8627
7,top,7,0,0,0.8916
7,top,7,0,1,0.8935
7,top,7,0,2,0.8935
7,top,7,0,3,0.8954
7,top,7,0,4,0.8935
7,top,7,0,5,0.8954
7,top,7,0,6,0.8954
7,top,7,0,7,0.8972
7,top,7,1,0,0.8867
7,top,7,1,1,0.8886
7,top,7,1,2,0.8886
7,top,7,1,3,0.8906
7,top,7,1,4,0.8886
7,top,7,1,5,0.8906
7,top,7,1,6,0.8906
7,top,7,1,7,0.8925
7,top,7,2,0,0.8815
7,top,7,2,1,0.8836
7,top,7,2,2,0.8836
7,top,7,2,3,0.8856
7,top,7,2,4,0.8836
7,top,7,2,5,0.8856
7,top,7,2,6,0.8856
7,top,7,2,7,0.8877
7,top,8,0,0,0.9099
7,top,8,0,1,0.9115
7,top,8,0,2,0.9115
7,top,8,0,3,0.9131
7,top,8,0,4,0.9115
7,top,8,0,5,0.9131
7,top,8,0,6,0.9131
7,top,8,0,7,0.9147
7,top,8,1,0,0.9057
7,top,8,1,1,0.9074
7,top,8,1,2,0.9074
7,top,8,1,3,0.909
7,top,8,1,4,0.9074
7,top,8,1,5,0.909
7,top,8,1,6,0.909
7,top,8,1,7,0.9107
7,top,8,2,0,0.9013
7,top,8,2,1,0.9031
7,top,8,2,2,0.9031
7,top,8,2,3,0.9048
7,top,8,2,4,0.9031
7,top,8,2,5,0.9048
7,top,8,2,6,0.9048
7,top,8,2,7,0.9065
7,top,9,0,0,0.9236
7,top,9,0,1,0.925
7,top,9,0,2,0.925
7,top,9,0,3,0.9264
7,top,9,0,4,0.925
7,top,9,0,5,0.9264
7,top,9,0,6,0.9264
7,top,9,0,7,0.9278
7,top,9,1,0,0.92
7,top,9,1,1,0.9215
7,top,9,1,2,0.9215
7,top,9,1,3,0.9229
7,top,9,1,4,0.9215
7,top,9,1,5,0.9229
7,top,9,1,6,0.9229
7,top,9,1,7,0.9244
7,top,9,2,0,0.9163
7,top,9,2,1,0.9178
7,top,9,2,2,0.9178
7,top,9,2,3,0.9193
7,top,9,2,4,0.9178
7,top,9,2,5,0.9193
7,top,9,2,6,0.9193
7,top,9,2,7,0.9208
7,top,10,0,0,0.934
7,top,10,0,1,0.9352
7,top,10,0,2,0.9352
7,top,10,0,3,0.9364
7,top,10,0,4,0.9352
7,top,10,0,5,0.9364
7,top,10,0,6,0.9364
7,top,10,0,7,0.9376
7,top,10,1,0,0.9309
7,top,10,1,1,0.9321
7,top,10,1,2,0.9321
7,top,10,1,3,0.9334
7,top,10,1,4,0.9321
7,top,10,1,5,0.9334
7,top,10,1,6,0.9334
7,top,10,1,7,0.9346
7,top,10,2,0,0.9276
7,top,10,2,1,0.9289
7,top,10,2,2,0.9289
7,top,10,2,3,0.9302
7,top,10,2,4,0.9289
7,top,10,2,5,0.9302
7,top,10,2,6,0.9302
7,top,10,2,7,0.9315
7,bottom,-10,0,0,0.0064
7,bottom,-10,0,1,0.0065
7,bottom,-10,0,2,0.0065
7,bottom,-10,0,3,0.0066
7,bottom,-10,0,4,0.0065
7,bottom,-10,0,5,0.0066
7,bottom,-10,0,6,0.0066
7,bottom,-10,0,7,0.0068
7,bottom,-10,1,0,0.0061
7,bottom,-10,1,1,0.0062
7,bottom,-10,1,2,0.0062
7,bottom,-10,1,3,0.0063
7,bottom,-10,1,4,0.0062
7,bottom,-10,1,5,0.0063
7,bottom,-10,1,6,0.0063
7,bottom,-10,1,7,0.0064
7,bottom,-10,2,0,0.0058
7,bottom,-10,2,1,0.0059
7,bottom,-10,2,2,0.0059
7,bottom,-10,2,3,0.006
7,bottom,-10,2,4,0.0059
7,bottom,-10,2,5,0.006
7,bottom,-10,2,6,0.006
7,bottom,-10,2,7,0.0061
7,bottom,-9,0,0,0.0117
7,bottom,-9,0,1,0.0119
7,bottom,-9,0,2,0.0119
7,bottom,-9,0,3,0.0122
7,bottom,-9,0,4,0.0119
7,bottom,-9,0,5,0.0122
7,bottom,-9,0,6,0.0122
7,bottom,-9,0,7,0.0124
7,bottom,-9,1,0,0.0111
7,bottom,-9,1,1,0.0114
7,bottom,-9,1,2,0.0114
7,bottom,-9,1,3,0.0116
7,bottom,-9,1,4,0.0114
7,bottom,-9,1,5,0.0116
7,bottom,-9,1,6,0.0116
7,bottom,-9,1,7,0.0118
7,bottom,-9,2,0,0.0106
7,bottom,-9,2,1,0.0108
7,bottom,-9,2,2,0.0108
7,bottom,-9,2,3,0.011
7,bottom,-9,2,4,0.0108
7,bottom,-9,2,5,0.011
7,bottom,-9,2,6,0.011
7,bottom,-9,2,7,0.0112
7,bottom,-8,0,0,0.0209
7,bottom,-8,0,1,0.0213
7,bottom,-8,0,2,0.0213
7,bottom,-8,0,3,0.0217
7,bottom,-8,0,4,0.0213
7,bottom,-8,0,5,0.0217
7,bottom,-8,0,6,0.0217
7,bottom,-8,0,7,0.0221
7,bottom,-8,1,0,0.0199
7,bottom,-8,1,1,0.0203
7,bottom,-8,1,2,0.0203
7,bottom,-8,1,3,0.0207
7,bottom,-8,1,4,0.0203
7,bottom,-8,1,5,0.0207
7,bottom,-8,1,6,0.0207
7,bottom,-8,1,7,0.0211
7,bottom,-8,2,0,0.0189
7,bottom,-8,2,1,0.0193
7,bottom,-8,2,2,0.0193
7,bottom,-8,2,3,0.0197
7,bottom,-8,2,4,0.0193
7,bottom,-8,2,5,0.0197
7,bottom,-8,2,6,0.0197
7,bottom,-8,2,7,0.0201
7,bottom,-7,0,0,0.0362
7,bottom,-7,0,1,0.0369
7,bottom,-7,0,2,0.0369
7,bottom,-7,0,3,0.0376
7,bottom,-7,0,4,0.0369
7,bottom,-7,0,5,0.0376
7,bottom,-7,0,6,0.0376
7,bottom,-7,0,7,0.0383
7,bottom,-7,1,0,0.0345
7,bottom,-7,1,1,0.0351
7,bottom,-7,1,2,0.0351
7,bottom,-7,1,3,0.0358
7,bottom,-7,1,4,0.0351
7,bottom,-7,1,5,0.0358
7,bottom,-7,1,6,0.0358
7,bottom,-7,1,7,0.0365
7,bottom,-7,2,0,0.0328
7,bottom,-7,2,1,0.0335
7,bottom,-7,2,2,0.0335
7,bottom,-7,2,3,0.0341
7,bottom,-7,2,4,0.0335
7,bottom,-7,2,5,0.0341
7,bottom,-7,2,6,0.0341
7,bottom,-7,2,7,0.0348
7,bottom,-6,0,0,0.0605
7,bottom,-6,0,1,0.0617
7,bottom,-6,0,2,0.0617
7,bottom,-6,0,3,0.0629
7,bottom,-6,0,4,0.0617
7,bottom,-6,0,5,0.0629
7,bottom,-6,0,6,0.0629
7,bottom,-6,0,7,0.064
7,bottom,-6,1,0,0.0578
7,bottom,-6,1,1,0.0589
7,bottom,-6,1,2,0.0589
7,bottom,-6,1,3,0.06
7,bottom,-6,1,4,0.0589
7,bottom,-6,1,5,0.06
7,bottom,-6,1,6,0.06
7,bottom,-6,1,7,0.0611
7,bottom,-6,2,0,0.0551
7,bottom,-6,2,1,0.0561
7,bottom,-6,2,2,0.0561
7,bottom,-6,2,3,0.0572
7,bottom,-6,2,4,0.0561
7,bottom,-6,2,5,0.0572
7,bottom,-6,2,6,0.0572
7,bottom,-6,2,7,0.0583
7,bottom,-5,0,0,0.0975
7,bottom,-5,0,1,0.0993
7,bottom,-5,0,2,0.0993
7,bottom,-5,0,3,0.1011
7,bottom,-5,0,4,0.0993
7,bottom,-5,0,5,0.1011
7,bottom,-5,0,6,0.1011
7,bottom,-5,0,7,0.1029
7,bottom,-5,1,0,0.0932
7,bottom,-5,1,1,0.0949
7,bottom,-5,1,2,0.0949
7,bottom,-5,1,3,0.0967
7,bottom,-5,1,4,0.0949
7,bottom,-5,1,5,0.0967
7,bottom,-5,1,6,0.0967
7,bottom,-5,1,7,0.0984
7,bottom,-5,2,0,0.0891
7,bottom,-5,2,1,0.0907
7,bottom,-5,2,2,0.0907
7,bottom,-5,2,3,0.0924
7,bottom,-5,2,4,0.0907
7,bottom,-5,2,5,0.0924
7,bottom,-5,2,6,0.0924
7,bottom,-5,2,7,0.0941
7,bottom,-4,0,0,0.1503
7,bottom,-4,0,1,0.1529
7,bottom,-4,0,2,0.1529
7,bottom,-4,0,3,0.1555
7,bottom,-4,0,4,0.1529
7,bottom,-4,0,5,0.1555
7,bottom,-4,0,6,0.1555
7,bottom,-4,0,7,0.1582
7,bottom,-4,1,0,0.1441
7,bottom,-4,1,1,0.1465
7,bottom,-4,1,2,0.1465
7,bottom,-4,1,3,0.1491
7,bottom,-4,1,4,0.1465
7,bottom,-4,1,5,0.1491
7,bottom,-4,1,6,0.1491
7,bottom,-4,1,7,0.1516
7,bottom,-4,2,0,0.138
7,bottom,-4,2,1,0.1404
7,bottom,-4,2,2,0.1404
7,bottom,-4,2,3,0.1428
7,bottom,-4,2,4,0.1404
7,bottom,-4,2,5,0.1428
7,bottom,-4,2,6,0.1428
7,bottom,-4,2,7,0.1453
7,bottom,-3,0,0,0.2205
7,bottom,-3,0,1,0.2239
7,bottom,-3,0,2,0.2239
7,bottom,-3,0,3,0.2274
7,bottom,-3,0,4,0.2239
7,bottom,-3,0,5,0.2274
7,bottom,-3,0,6,0.2274
7,bottom,-3,0,7,0.2309
7,bottom,-3,1,0,0.212
7,bottom,-3,1,1,0.2153
7,bottom,-3,1,2,0.2153
7,bottom,-3,1,3,0.2187
7,bottom,-3,1,4,0.2153
7,bottom,-3,1,5,0.2187
7,bottom,-3,1,6,0.2187
7,bottom,-3,1,7,0.2222
7,bottom,-3,2,0,0.2038
7,bottom,-3,2,1,0.207
7,bottom,-3,2,2,0.207
7,bottom,-3,2,3,0.2103
7,bottom,-3,2,4,0.207
7,bottom,-3,2,5,0.2103
7,bottom,-3,2,6,0.2103
7,bottom,-3,2,7,0.2137
7,bottom,-2,0,0,0.3062
7,bottom,-2,0,1,0.3105
7,bottom,-2,0,2,0.3105
7,bottom,-2,0,3,0.3148
7,bottom,-2,0,4,0.3105
7,bottom,-2,0,5,0.3148
7,bottom,-2,0,6,0.3148
7,bottom,-2,0,7,0.3191
7,bottom,-2,1,0,0.2957
7,bottom,-2,1,1,0.2999
7,bottom,-2,1,2,0.2999
7,bottom,-2,1,3,0.3041
7,bottom,-2,1,4,0.2999
7,bottom,-2,1,5,0.3041
7,bottom,-2,1,6,0.3041
7,bottom,-2,1,7,0.3083
7,bottom,-2,2,0,0.2854
7,bottom,-2,2,1,0.2895
7,bottom,-2,2,2,0.2895
7,bottom,-2,2,3,0.2936
7,bottom,-2,2,4,0.2895
7,bottom,-2,2,5,0.2936
7,bottom,-2,2,6,0.2936
7,bottom,-2,2,7,0.2978
7,bottom,-1,0,0,0.402
7,bottom,-1,0,1,0.4069
7,bottom,-1,0,2,0.4069
7,bottom,-1,0,3,0.4117
7,bottom,-1,0,4,0.4069
7,bottom,-1,0,5,0.4117
7,bottom,-1,0,6,0.4117
7,bottom,-1,0,7,0.4165
7,bottom,-1,1,0,0.3901
7,bottom,-1,1,1,0.3948
7,bottom,-1,1,2,0.3948
7,bottom,-1,1,3,0.3996
7,bottom,-1,1,4,0.3948
7,bottom,-1,1,5,0.3996
7,bottom,-1,1,6,0.3996
7,bottom,-1,1,7,0.4044
7,bottom,-1,2,0,0.3782
7,bottom,-1,2,1,0.383
7,bottom,-1,2,2,0.383
7,bottom,-1,2,3,0.3877
7,bottom,-1,2,4,0.383
7,bottom,-1,2,5,0.3877
7,bottom,-1,2,6,0.3877
7,bottom,-1,2,7,0.3925
7,bottom,0,0,0,0.5
7,bottom,0,0,1,0.505
7,bottom,0,0,2,0.505
7,bottom,0,0,3,0.51
7,bottom,0,0,4,0.505
7,bottom,0,0,5,0.51
7,bottom,0,0,6,0.51
7,bottom,0,0,7,0.515
7,bottom,0,1,0,0.4875
7,bottom,0,1,1,0.4925
7,bottom,0,1,2,0.4925
7,bottom,0,1,3,0.4975
7,bottom,0,1,4,0.4925
7,bottom,0,1,5,0.4975
7,bottom,0,1,6,0.4975
7,bottom,0,1,7,0.5025
7,bottom,0,2,0,0.475
7,bottom,0,2,1,0.48
7,bottom,0,2,2,0.48
7,bottom,0,2,3,0.485
7,bottom,0,2,4,0.48
7,bottom,0,2,5,0.485
7,bottom,0,2,6,0.485
7,bottom,0,2,7,0.49
7,bottom,1,0,0,0.5922
7,bottom,1,0,1,0.597
7,bottom,1,0,2,0.597
7,bottom,1,0,3,0.6018
7,bottom,1,0,4,0.597
7,bottom,1,0,5,0.6018
7,bottom,1,0,6,0.6018
7,bottom,1,0,7,0.6066
7,bottom,1,1,0,0.5801
7,bottom,1,1,1,0.5849
7,bottom,1,1,2,0.5849
7,bottom,1,1,3,0.5898
7,bottom,1,1,4,0.5849
7,bottom,1,1,5,0.5898
7,bottom,1,1,6,0.5898
7,bottom,1,1,7,0.5946
7,bottom,1,2,0,0.5678
7,bottom,1,2,1,0.5727
7,bottom,1,2,2,0.5727
7,bottom,1,2,3,0.5776
7,bottom,1,2,4,0.5727
7,bottom,1,2,5,0.5776
7,bottom,1,2,6,0.5776
7,bottom,1,2,7,0.5825
7,bottom,2,0,0,0.673
7,bottom,2,0,1,0.6774
7,bottom,2,0,2,0.6774
7,bottom,2,0,3,0.6818
7,bottom,2,0,4,0.6774
7,bottom,2,0,5,0.6818
7,bottom,2,0,6,0.6818
7,bottom,2,0,7,0.6861
7,bottom,2,1,0,0.662
7,bottom,2,1,1,0.6664
7,bottom,2,1,2,0.6664
7,bottom,2,1,3,0.6708
7,bottom,2,1,4,0.6664
7,bottom,2,1,5,0.6708
7,bottom,2,1,6,0.6708
7,bottom,2,1,7,0.6752
7,bottom,2,2,0,0.6507
7,bottom,2,2,1,0.6552
7,bottom,2,2,2,0.6552
7,bottom,2,2,3,0.6597
7,bottom,2,2,4,0.6552
7,bottom,2,2,5,0.6597
7,bottom,2,2,6,0.6597
7,bottom,2,2,7,0.6642
7,bottom,3,0,0,0.7402
7,bottom,3,0,1,0.744
7,bottom,3,0,2,0.744
7,bottom,3,0,3,0.7478
7,bottom,3,0,4,0.744
7,bottom,3,0,5,0.7478
7,bottom,3,0,6,0.7478
7,bottom,3,0,7,0.7516
7,bottom,3,1,0,0.7305
7,bottom,3,1,1,0.7344
7,bottom,3,1,2,0.7344
7,bottom,3,1,3,0.7383
7,bottom,3,1,4,0.7344
7,bottom,3,1,5,0.7383
7,bottom,3,1,6,0.7383
7,bottom,3,1,7,0.7421
7,bottom,3,2,0,0.7205
7,bottom,3,2,1,0.7245
7,bottom,3,2,2,0.7245
7,bottom,3,2,3,0.7285
7,bottom,3,2,4,0.7245
7,bottom,3,2,5,0.7285
7,bottom,3,2,6,0.7285
7,bottom,3,2,7,0.7324
7,bottom,4,0,0,0.7938
7,bottom,4,0,1,0.7971
7,bottom,4,0,2,0.7971
7,bottom,4,0,3,0.8003
7,bottom,4,0,4,0.7971
7,bottom,4,0,5,0.8003
7,bottom,4,0,6,0.8003
7,bottom,4,0,7,0.8035
7,bottom,4,1,0,0.7855
7,bottom,4,1,1,0.7888
7,bottom,4,1,2,0.7888
7,bottom,4,1,3,0.7922
7,bottom,4,1,4,0.7888
7,bottom,4,1,5,0.7922
7,bottom,4,1,6,0.7922
7,bottom,4,1,7,0.7954
7,bottom,4,2,0,0.777
7,bottom,4,2,1,0.7804
7,bottom,4,2,2,0.7804
7,bottom,4,2,3,0.7838
7,bottom,4,2,4,0.7804
7,bottom,4,2,5,0.7838
7,bottom,4,2,6,0.7838
7,bottom,4,2,7,0.7872
7,bottom,5,0,0,0.8355
7,bottom,5,0,1,0.8382
7,bottom,5,0,2,0.8382
7,bottom,5,0,3,0.8409
7,bottom,5,0,4,0.8382
7,bottom,5,0,5,0.8409
7,bottom,5,0,6,0.8409
7,bottom,5,0,7,0.8436
7,bottom,5,1,0,0.8285
7,bottom,5,1,1,0.8313
7,bottom,5,1,2,0.8313
7,bottom,5,1,3,0.8341
7,bottom,5,1,4,0.8313
7,bottom,5,1,5,0.8341
7,bottom,5,1,6,0.8341
7,bottom,5,1,7,0.8369
7,bottom,5,2,0,0.8213
7,bottom,5,2,1,0.8242
7,bottom,5,2,2,0.8242
7,bottom,5,2,3,0.8271
7,bottom,5,2,4,0.8242
7,bottom,5,2,5,0.8271
7,bottom,5,2,6,0.8271
7,bottom,5,2,7,0.8299
7,bottom,6,0,0,0.8674
7,bottom,6,0,1,0.8697
7,bottom,6,0,2,0.8697
7,bottom,6,0,3,0.8719
7,bottom,6,0,4,0.8697
7,bottom,6,0,5,0.8719
7,bottom,6,0,6,0.8719
7,bottom,6,0,7,0.8741
7,bottom,6,1,0,0.8615
7,bottom,6,1,1,0.8639
7,bottom,6,1,2,0.8639
7,bottom,6,1,3,0.8662
7,bottom,6,1,4,0.8639
7,bottom,6,1,5,0.8662
7,bottom,6,1,6,0.8662
7,bottom,6,1,7,0.8685
7,bottom,6,2,0,0.8554
7,bottom,6,2,1,0.8579
7,bottom,6,2,2,0.8579
7,bottom,6,2,3,0.8603
7,bottom,6,2,4,0.8579
7,bottom,6,2,5,0.8603
7,bottom,6,2,6,0.8603
7,bottom,6,2,7,0.8627
7,bottom,7,0,0,0.8916
7,bottom,7,0,1,0.8935
7,bottom,7,0,2,0.8935
7,bottom,7,0,3,0.8954
7,bottom,7,0,4,0.8935
7,bottom,7,0,5,0.8954
7,bottom,7,0,6,0.8954
7,bottom,7,0,7,0.8972
7,bottom,7,1,0,0.8867
7,bottom,7,1,1,0.8886
7,bottom,7,1,2,0.8886
7,bottom,7,1,3,0.8906
7,bottom,7,1,4,0.8886
7,bottom,7,1,5,0.8906
7,bottom,7,1,6,0.8906
7,bottom,7,1,7,0.8925
7,bottom,7,2,0,0.8815
7,bottom,7,2,1,0.8836
7,bottom,7,2,2,0.8836
7,bottom,7,2,3,0.8856
7,bottom,7,2,4,0.8836
7,bottom,7,2,5,0.8856
7,bottom,7,2,6,0.8856
7,bottom,7,2,7,0.8877
7,bottom,8,0,0,0.9099
7,bottom,8,0,1,0.9115
7,bottom,8,0,2,0.9115
7,bottom,8,0,3,0.9131
7,bottom,8,0,4,0.9115
7,bottom,8,0,5,0.9131
7,bottom,8,0,6,0.9131
7,bottom,8,0,7,0.9147
7,bottom,8,1,0,0.9057
7,bottom,8,1,1,0.9074
7,bottom,8,1,2,0.9074
7,bottom,8,1,3,0.909
7,bottom,8,1,4,0.9074
7,bottom,8,1,5,0.909
7,bottom,8,1,6,0.909
7,bottom,8,1,7,0.9107
7,bottom,8,2,0,0.9013
7,bottom,8,2,1,0.9031
7,bottom,8,2,2,0.9031
7,bottom,8,2,3,0.9048
7,bottom,8,2,4,0.9031
7,bottom,8,2,5,0.9048
7,bottom,8,2,6,0.9048
7,bottom,8,2,7,0.9065
7,bottom,9,0,0,0.9236
7,bottom,9,0,1,0.925
7,bottom,9,0,2,0.925
7,bottom,9,0,3,0.9264
7,bottom,9,0,4,0.925
7,bottom,9,0,5,0.9264
7,bottom,9,0,6,0.9264
7,bottom,9,0,7,0.9278
7,bottom,9,1,0,0.92
7,bottom,9,1,1,0.9215
7,bottom,9,1,2,0.9215
7,bottom,9,1,3,0.9229
7,bottom,9,1,4,0.9215
7,bottom,9,1,5,0.9229
7,bottom,9,1,6,0.9229
7,bottom,9,1,7,0.9244
7,bottom,9,2,0,0.9163
7,bottom,9,2,1,0.9178
7,bottom,9,2,2,0.9178
7,bottom,9,2,3,0.9193
7,bottom,9,2,4,0.9178
7,bottom,9,2,5,0.9193
7,bottom,9,2,6,0.9193
7,bottom,9,2,7,0.9208
7,bottom,10,0,0,0.934
7,bottom,10,0,1,0.9352
7,bottom,10,0,2,0.9352
7,bottom,10,0,3,0.9364
7,bottom,10,0,4,0.9352
7,bottom,10,0,5,0.9364
7,bottom,10,0,6,0.9364
7,bottom,10,0,7,0.9376
7,bottom,10,1,0,0.9309
7,bottom,10,1,1,0.9321
7,bottom,10,1,2,0.9321
7,bottom,10,1,3,0.9334
7,bottom,10,1,4,0.9321
7,bottom,10,1,5,0.9334
7,bottom,10,1,6,0.9334
7,bottom,10,1,7,0.9346
7,bottom,10,2,0,0.9276
7,bottom,10,2,1,0.9289
7,bottom,10,2,2,0.9289
7,bottom,10,2,3,0.9302
7,bottom,10,2,4,0.9289
7,bottom,10,2,5,0.9302
7,bottom,10,2,6,0.9302
7,bottom,10,2,7,0.9315
8,top,-10,0,0,0.0061
8,top,-10,0,1,0.0062
8,top,-10,0,2,0.0062
8,top,-10,0,3,0.0063
8,top,-10,0,4,0.0062
8,top,-10,0,5,0.0063
8,top,-10,0,6,0.0063
8,top,-10,0,7,0.0064
8,top,-10,1,0,0.0058
8,top,-10,1,1,0.0059
8,top,-10,1,2,0.0059
8,top,-10,1,3,0.006
8,top,-10,1,4,0.0059
8,top,-10,1,5,0.006
8,top,-10,1,6,0.006
8,top,-10,1,7,0.0061
8,top,-10,2,0,0.0055
8,top,-10,2,1,0.0056
8,top,-10,2,2,0.0056
8,top,-10,2,3,0.0057
8,top,-10,2,4,0.0056
8,top,-10,2,5,0.0057
8,top,-10,2,6,0.0057
8,top,-10,2,7,0.0058
8,top,-9,0,0,0.0112
8,top,-9,0,1,0.0114
8,top,-9,0,2,0.0114
8,top,-9,0,3,0.0116
8,top,-9,0,4,0.0114
8,top,-9,0,5,0.0116
8,top,-9,0,6,0.0116
8,top,-9,0,7,0.0119
8,top,-9,1,0,0.0106
8,top,-9,1,1,0.0109
8,top,-9,1,2,0.0109
8,top,-9,1,3,0.0111
8,top,-9,1,4,0.0109
8,top,-9,1,5,0.0111
8,top,-9,1,6,0.0111
8,top,-9,1,7,0.0113
8,top,-9,2,0,0.0101
8,top,-9,2,1,0.0103
8,top,-9,2,2,0.0103
8,top,-9,2,3,0.0105
8,top,-9,2,4,0.0103
8,top,-9,2,5,0.0105
8,top,-9,2,6,0.0105
8,top,-9,2,7,0.0108
8,top,-8,0,0,0.0201
8,top,-8,0,1,0.0205
8,top,-8,0,2,0.0205
8,top,-8,0,3,0.0209
8,top,-8,0,4,0.0205
8,top,-8,0,5,0.0209
8,top,-8,0,6,0.0209
8,top,-8,0,7,0.0213
8,top,-8,1,0,0.0191
8,top,-8,1,1,0.0195
8,top,-8,1,2,0.0195
8,top,-8,1,3,0.0199
8,top,-8,1,4,0.0195
8,top,-8,1,5,0.0199
8,top,-8,1,6,0.0199
8,top,-8,1,7,0.0203
8,top,-8,2,0,0.0182
8,top,-8,2,1,0.0186
8,top,-8,2,2,0.0186
8,top,-8,2,3,0.0189
8,top,-8,2,4,0.0186
8,top,-8,2,5,0.0189
8,top,-8,2,6,0.0189
8,top,-8,2,7,0.0193
8,top,-7,0,0,0.035
8,top,-7,0,1,0.0356
8,top,-7,0,2,0.0356
8,top,-7,0,3,0.0363
8,top,-7,0,4,0.0356
8,top,-7,0,5,0.0363
8,top,-7,0,6,0.0363
8,top,-7,0,7,0.037
8,top,-7,1,0,0.0333
8,top,-7,1,1,0.034
8,top,-7,1,2,0.034
8,top,-7,1,3,0.0346
8,top,-7,1,4,0.034
8,top,-7,1,5,0.0346
8,top,-7,1,6,0.0346
8,top,-7,1,7,0.0353
8,top,-7,2,0,0.0317
8,top,-7,2,1,0.0324
8,top,-7,2,2,0.0324
8,top,-7,2,3,0.033
8,top,-7,2,4,0.0324
8,top,-7,2,5,0.033
8,top,-7,2,6,0.033
8,top,-7,2,7,0.0336
8,top,-6,0,0,0.0589
8,top,-6,0,1,0.06
8,top,-6,0,2,0.06
8,top,-6,0,3,0.0611
8,top,-6,0,4,0.06
8,top,-6,0,5,0.0611
8,top,-6,0,6,0.0611
8,top,-6,0,7,0.0623
8,top,-6,1,0,0.0561
8,top,-6,1,1,0.0572
8,top,-6,1,2,0.0572
8,top,-6,1,3,0.0583
8,top,-6,1,4,0.0572
8,top,-6,1,5,0.0583
8,top,-6,1,6,0.0583
8,top,-6,1,7,0.0594
8,top,-6,2,0,0.0536
8,top,-6,2,1,0.0546
8,top,-6,2,2,0.0546
8,top,-6,2,3,0.0556
8,top,-6,2,4,0.0546
8,top,-6,2,5,0.0556
8,top,-6,2,6,0.0556
8,top,-6,2,7,0.0567
8,top,-5,0,0,0.0953
8,top,-5,0,1,0.0971
8,top,-5,0,2,0.0971
8,top,-5,0,3,0.0989
8,top,-5,0,4,0.0971
8,top,-5,0,5,0.0989
8,top,-5,0,6,0.0989
8,top,-5,0,7,0.1007
8,top,-5,1,0,0.0911
8,top,-5,1,1,0.0928
8,top,-5,1,2,0.0928
8,top,-5,1,3,0.0945
8,top,-5,1,4,0.0928
8,top,-5,1,5,0.0945
8,top,-5,1,6,0.0945
8,top,-5,1,7,0.0962
8,top,-5,2,0,0.0871
8,top,-5,2,1,0.0887
8,top,-5,2,2,0.0887
8,top,-5,2,3,0.0903
8,top,-5,2,4,0.0887
8,top,-5,2,5,0.0903
8,top,-5,2,6,0.0903
8,top,-5,2,7,0.092
8,top,-4,0,0,0.1478
8,top,-4,0,1,0.1503
8,top,-4,0,2,0.1503
8,top,-4,0,3,0.1529
8,top,-4,0,4,0.1503
8,top,-4,0,5,0.1529
8,top,-4,0,6,0.1529
8,top,-4,0,7,0.1555
8,top,-4,1,0,0.1416
8,top,-4,1,1,0.1441
8,top,-4,1,2,0.1441
8,top,-4,1,3,0.1465
8,top,-4,1,4,0.1441
8,top,-4,1,5,0.1465
8,top,-4,1,6,0.1465
8,top,-4,1,7,0.1491
8,top,-4,2,0,0.1356
8,top,-4,2,1,0.138
8,top,-4,2,2,0.138
8,top,-4,2,3,0.1404
8,top,-4,2,4,0.138
8,top,-4,2,5,0.1404
8,top,-4,2,6,0.1404
8,top,-4,2,7,0.1428
8,top,-3,0,0,0.2179
8,top,-3,0,1,0.2213
8,top,-3,0,2,0.2213
8,top,-3,0,3,0.2248
8,top,-3,0,4,0.2213
8,top,-3,0,5,0.2248
8,top,-3,0,6,0.2248
8,top,-3,0,7,0.2283
8,top,-3,1,0,0.2095
8,top,-3,1,1,0.2128
8,top,-3,1,2,0.2128
8,top,-3,1,3,0.2162
8,top,-3,1,4,0.2128
8,top,-3,1,5,0.2162
8,top,-3,1,6,0.2162
8,top,-3,1,7,0.2196
8,top,-3,2,0,0.2013
8,top,-3,2,1,0.2046
8,top,-3,2,2,0.2046
8,top,-3,2,3,0.2078
8,top,-3,2,4,0.2046
8,top,-3,2,5,0.2078
8,top,-3,2,6,0.2078
8,top,-3,2,7,0.2112
8,top,-2,0,0,0.3041
8,top,-2,0,1,0.3083
8,top,-2,0,2,0.3083
8,top,-2,0,3,0.3126
8,top,-2,0,4,0.3083
8,top,-2,0,5,0.3126
8,top,-2,0,6,0.3126
8,top,-2,0,7,0.3169
8,top,-2,1,0,0.2936
8,top,-2,1,1,0.2978
8,top,-2,1,2,0.2978
8,top,-2,1,3,0.302
8,top,-2,1,4,0.2978
8,top,-2,1,5,0.302
8,top,-2,1,6,0.302
8,top,-2,1,7,0.3062
8,top,-2,2,0,0.2833
8,top,-2,2,1,0.2874
8,top,-2,2,2,0.2874
8,top,-2,2,3,0.2915
8,top,-2,2,4,0.2874
8,top,-2,2,5,0.2915
8,top,-2,2,6,0.2915
8,top,-2,2,7,0.2957
8,top,-1,0,0,0.4008
8,top,-1,0,1,0.4056
8,top,-1,0,2,0.4056
8,top,-1,0,3,0.4105
8,top,-1,0,4,0.4056
8,top,-1,0,5,0.4105
8,top,-1,0,6,0.4105
8,top,-1,0,7,0.4153
8,top,-1,1,0,0.3889
8,top,-1,1,1,0.3936
8,top,-1,1,2,0.3936
8,top,-1,1,3,0.3984
8,top,-1,1,4,0.3936
8,top,-1,1,5,0.3984
8,top,-1,1,6,0.3984
8,top,-1,1,7,0.4032
8,top,-1,2,0,0.3771
8,top,-1,2,1,0.3818
8,top,-1,2,2,0.3818
8,top,-1,2,3,0.3865
8,top,-1,2,4,0.3818
8,top,-1,2,5,0.3865
8,top,-1,2,6,0.3865
8,top,-1,2,7,0.3913
8,top,0,0,0,0.5
8,top,0,0,1,0.505
8,top,0,0,2,0.505
8,top,0,0,3,0.51
8,top,0,0,4,0.505
8,top,0,0,5,0.51
8,top,0,0,6,0.51
8,top,0,0,7,0.515
8,top,0,1,0,0.4875
8,top,0,1,1,0.4925
8,top,0,1,2,0.4925
8,top,0,1,3,0.4975
8,top,0,1,4,0.4925
8,top,0,1,5,0.4975
8,top,0,1,6,0.4975
8,top,0,1,7,0.5025
8,top,0,2,0,0.475
8,top,0,2,1,0.48
8,top,0,2,2,0.48
8,top,0,2,3,0.485
8,top,0,2,4,0.48
8,top,0,2,5,0.485
8,top,0,2,6,0.485
8,top,0,2,7,0.49
8,top,1,0,0,0.5934
8,top,1,0,1,0.5982
8,top,1,0,2,0.5982
8,top,1,0,3,0.603
8,top,1,0,4,0.5982
8,top,1,0,5,0.603
8,top,1,0,6,0.603
8,top,1,0,7,0.6078
8,top,1,1,0,0.5813
8,top,1,1,1,0.5861
8,top,1,1,2,0.5861
8,top,1,1,3,0.591
8,top,1,1,4,0.5861
8,top,1,1,5,0.591
8,top,1,1,6,0.591
8,top,1,1,7,0.5958
8,top,1,2,0,0.5691
8,top,1,2,1,0.574
8,top,1,2,2,0.574
8,top,1,2,3,0.5788
8,top,1,2,4,0.574
8,top,1,2,5,0.5788
8,top,1,2,6,0.5788
8,top,1,2,7,0.5837
8,top,2,0,0,0.6752
8,top,2,0,1,0.6796
8,top,2,0,2,0.6796
8,top,2,0,3,0.684
8,top,2,0,4,0.6796
8,top,2,0,5,0.684
8,top,2,0,6,0.684
8,top,2,0,7,0.6883
8,top,2,1,0,0.6642
8,top,2,1,1,0.6686
8,top,2,1,2,0.6686
8,top,2,1,3,0.673
8,top,2,1,4,0.6686
8,top,2,1,5,0.673
8,top,2,1,6,0.673
8,top,2,1,7,0.6774
8,top,2,2,0,0.6529
8,top,2,2,1,0.6575
8,top,2,2,2,0.6575
8,top,2,2,3,0.662
8,top,2,2,4,0.6575
8,top,2,2,5,0.662
8,top,2,2,6,0.662
8,top,2,2,7,0.6664
8,top,3,0,0,0.7431
8,top,3,0,1,0.7469
8,top,3,0,2,0.7469
8,top,3,0,3,0.7506
8,top,3,0,4,0.7469
8,top,3,0,5,0.7506
8,top,3,0,6,0.7506
8,top,3,0,7,0.7544
8,top,3,1,0,0.7334
8,top,3,1,1,0.7373
8,top,3,1,2,0.7373
8,top,3,1,3,0.7412
8,top,3,1,4,0.7373
8,top,3,1,5,0.7412
8,top,3,1,6,0.7412
8,top,3,1,7,0.745
8,top,3,2,0,0.7235
8,top,3,2,1,0.7275
8,top,3,2,2,0.7275
8,top,3,2,3,0.7315
8,top,3,2,4,0.7275
8,top,3,2,5,0.7315
8,top,3,2,6,0.7315
8,top,3,2,7,0.7354
8,top,4,0,0,0.7971
8,top,4,0,1,0.8003
8,top,4,0,2,0.8003
8,top,4,0,3,0.8035
8,top,4,0,4,0.8003
8,top,4,0,5,0.8035
8,top,4,0,6,0.8035
8,top,4,0,7,0.8066
8,top,4,1,0,0.7888
8,top,4,1,1,0.7922
8,top,4,1,2,0.7922
8,top,4,1,3,0.7954
8,top,4,1,4,0.7922
8,top,4,1,5,0.7954
8,top,4,1,6,0.7954
8,top,4,1,7,0.7987
8,top,4,2,0,0.7804
8,top,4,2,1,0.7838
8,top,4,2,2,0.7838
8,top,4,2,3,0.7872
8,top,4,2,4,0.7838
8,top,4,2,5,0.7872
8,top,4,2,6,0.7872
8,top,4,2,7,0.7905
8,top,5,0,0,0.8389
8,top,5,0,1,0.8416
8,top,5,0,2,0.8416
8,top,5,0,3,0.8442
8,top,5,0,4,0.8416
8,top,5,0,5,0.8442
8,top,5,0,6,0.8442
8,top,5,0,7,0.8468
8,top,5,1,0,0.832
8,top,5,1,1,0.8348
8,top,5,1,2,0.8348
8,top,5,1,3,0.8375
8,top,5,1,4,0.8348
8,top,5,1,5,0.8375
8,top,5,1,6,0.8375
8,top,5,1,7,0.8402
8,top,5,2,0,0.8249
8,top,5,2,1,0.8278
8,top,5,2,2,0.8278
8,top,5,2,3,0.8306
8,top,5,2,4,0.8278
8,top,5,2,5,0.8306
8,top,5,2,6,0.8306
8,top,5,2,7,0.8334
8,top,6,0,0,0.8708
8,top,6,0,1,0.873
8,top,6,0,2,0.873
8,top,6,0,3,0.8752
8,top,6,0,4,0.873
8,top,6,0,5,0.8752
8,top,6,0,6,0.8752
8,top,6,0,7,0.8774
8,top,6,1,0,0.8651
8,top,6,1,1,0.8674
8,top,6,1,2,0.8674
8,top,6,1,3,0.8697
8,top,6,1,4,0.8674
8,top,6,1,5,0.8697
8,top,6,1,6,0.8697
8,top,6,1,7,0.8719
8,top,6,2,0,0.8591
8,top,6,2,1,0.8615
8,top,6,2,2,0.8615
8,top,6,2,3,0.8639
8,top,6,2,4,0.8615
8,top,6,2,5,0.8639
8,top,6,2,6,0.8639
8,top,6,2,7,0.8662
8,top,7,0,0,0.8949
8,top,7,0,1,0.8968
8,top,7,0,2,0.8968
8,top,7,0,3,0.8986
8,top,7,0,4,0.8968
8,top,7,0,5,0.8986
8,top,7,0,6,0.8986
8,top,7,0,7,0.9004
8,top,7,1,0,0.8901
8,top,7,1,1,0.8921
8,top,7,1,2,0.8921
8,top,7,1,3,0.894
8,top,7,1,4,0.8921
8,top,7,1,5,0.894
8,top,7,1,6,0.894
8,top,7,1,7,0.8959
8,top,7,2,0,0.8851
8,top,7,2,1,0.8872
8,top,7,2,2,0.8872
8,top,7,2,3,0.8891
8,top,7,2,4,0.8872
8,top,7,2,5,0.8891
8,top,7,2,6,0.8891
8,top,7,2,7,0.8911
8,top,8,0,0,0.9131
8,top,8,0,1,0.9147
8,top,8,0,2,0.9147
8,top,8,0,3,0.9162
8,top,8,0,4,0.9147
8,top,8,0,5,0.9162
8,top,8,0,6,0.9162
8,top,8,0,7,0.9177
8,top,8,1,0,0.909
8,top,8,1,1,0.9107
8,top,8,1,2,0.9107
8,top,8,1,3,0.9123
8,top,8,1,4,0.9107
8,top,8,1,5,0.9123
8,top,8,1,6,0.9123
8,top,8,1,7,0.9139
8,top,8,2,0,0.9048
8,top,8,2,1,0.9065
8,top,8,2,2,0.9065
8,top,8,2,3,0.9082
8,top,8,2,4,0.9065
8,top,8,2,5,0.9082
8,top,8,2,6,0.9082
8,top,8,2,7,0.9099
8,top,9,0,0,0.9268
8,top,9,0,1,0.9281
8,top,9,0,2,0.9281
8,top,9,0,3,0.9294
8,top,9,0,4,0.9281
8,top,9,0,5,0.9294
8,top,9,0,6,0.9294
8,top,9,0,7,0.9307
8,top,9,1,0,0.9233
8,top,9,1,1,0.9247
8,top,9,1,2,0.9247
8,top,9,1,3,0.9261
8,top,9,1,4,0.9247
8,top,9,1,5,0.9261
8,top,9,1,6,0.9261
8,top,9,1,7,0.9274
8,top,9,2,0,0.9197
8,top,9,2,1,0.9211
8,top,9,2,2,0.9211
8,top,9,2,3,0.9226
8,top,9,2,4,0.9211
8,top,9,2,5,0.9226
8,top,9,2,6,0.9226
8,top,9,2,7,0.924
8,top,10,0,0,0.937
8,top,10,0,1,0.9382
8,top,10,0,2,0.9382
8,top,10,0,3,0.9393
8,top,10,0,4,0.9382
8,top,10,0,5,0.9393
8,top,10,0,6,0.9393
8,top,10,0,7,0.9405
8,top,10,1,0,0.934
8,top,10,1,1,0.9352
8,top,10,1,2,0.9352
8,top,10,1,3,0.9364
8,top,10,1,4,0.9352
8,top,10,1,5,0.9364
8,top,10,1,6,0.9364
8,top,10,1,7,0.9376
8,top,10,2,0,0.9309
8,top,10,2,1,0.9321
8,top,10,2,2,0.9321
8,top,10,2,3,0.9334
8,top,10,2,4,0.9321
8,top,10,2,5,0.9334
8,top,10,2,6,0.9334
8,top,10,2,7,0.9346
8,bottom,-10,0,0,0.0061
8,bottom,-10,0,1,0.0062
8,bottom,-10,0,2,0.0062
8,bottom,-10,0,3,0.0063
8,bottom,-10,0,4,0.0062
8,bottom,-10,0,5,0.0063
8,bottom,-10,0,6,0.0063
8,bottom,-10,0,7,0.0064
8,bottom,-10,1,0,0.0058
8,bottom,-10,1,1,0.0059
8,bottom,-10,1,2,0.0059
8,bottom,-10,1,3,0.006
8,bottom,-10,1,4,0.0059
8,bottom,-10,1,5,0.006
8,bottom,-10,1,6,0.006
8,bottom,-10,1,7,0.0061
8,bottom,-10,2,0,0.0055
8,bottom,-10,2,1,0.0056
8,bottom,-10,2,2,0.0056
8,bottom,-10,2,3,0.0057
8,bottom,-10,2,4,0.0056
8,bottom,-10,2,5,0.0057
8,bottom,-10,2,6,0.0057
8,bottom,-10,2,7,0.0058
8,bottom,-9,0,0,0.0112
8,bottom,-9,0,1,0.0114
8,bottom,-9,0,2,0.0114
8,bottom,-9,0,3,0.0116
8,bottom,-9,0,4,0.0114
8,bottom,-9,0,5,0.0116
8,bottom,-9,0,6,0.0116
8,bottom,-9,0,7,0.0119
8,bottom,-9,1,0,0.0106
8,bottom,-9,1,1,0.0109
8,bottom,-9,1,2,0.0109
8,bottom,-9,1,3,0.0111
8,bottom,-9,1,4,0.0109
8,bottom,-9,1,5,0.0111
8,bottom,-9,1,6,0.0111
8,bottom,-9,1,7,0.0113
8,bottom,-9,2,0,0.0101
8,bottom,-9,2,1,0.0103
8,bottom,-9,2,2,0.0103
8,bottom,-9,2,3,0.0105
8,bottom,-9,2,4,0.0103
8,bottom,-9,2,5,0.0105
8,bottom,-9,2,6,0.0105
8,bottom,-9,2,7,0.0108
8,bottom,-8,0,0,0.0201
8,bottom,-8,0,1,0.0205
8,bottom,-8,0,2,0.0205
8,bottom,-8,0,3,0.0209
8,bottom,-8,0,4,0.0205
8,bottom,-8,0,5,0.0209
8,bottom,-8,0,6,0.0209
8,bottom,-8,0,7,0.0213
8,bottom,-8,1,0,0.0191
8,bottom,-8,1,1,0.0195
8,bottom,-8,1,2,0.0195
8,bottom,-8,1,3,0.0199
8,bottom,-8,1,4,0.0195
8,bottom,-8,1,5,0.0199
8,bottom,-8,1,6,0.0199
8,bottom,-8,1,7,0.0203
8,bottom,-8,2,0,0.0182
8,bottom,-8,2,1,0.0186
8,bottom,-8,2,2,0.0186
8,bottom,-8,2,3,0.0189
8,bottom,-8,2,4,0.0186
8,bottom,-8,2,5,0.0189
8,bottom,-8,2,6,0.0189
8,bottom,-8,2,7,0.0193
8,bottom,-7,0,0,0.035
8,bottom,-7,0,1,0.0356
8,bottom,-7,0,2,0.0356
8,bottom,-7,0,3,0.0363
8,bottom,-7,0,4,0.0356
8,bottom,-7,0,5,0.0363
8,bottom,-7,0,6,0.0363
8,bottom,-7,0,7,0.037
8,bottom,-7,1,0,0.0333
8,bottom,-7,1,1,0.034
8,bottom,-7,1,2,0.034
8,bottom,-7,1,3,0.0346
8,bottom,-7,1,4,0.034
8,bottom,-7,1,5,0.0346
8,bottom,-7,1,6,0.0346
8,bottom,-7,1,7,0.0353
8,bottom,-7,2,0,0.0317
8,bottom,-7,2,1,0.0324
8,bottom,-7,2,2,0.0324
8,bottom,-7,2,3,0.033
8,bottom,-7,2,4,0.0324
8,bottom,-7,2,5,0.033
8,bottom,-7,2,6,0.033
8,bottom,-7,2,7,0.0336
8,bottom,-6,0,0,0.0589
8,bottom,-6,0,1,0.06
8,bottom,-6,0,2,0.06
8,bottom,-6,0,3,0.0611
8,bottom,-6,0,4,0.06
8,bottom,-6,0,5,0.0611
8,bottom,-6,0,6,0.0611
8,bottom,-6,0,7,0.0623
8,bottom,-6,1,0,0.0561
8,bottom,-6,1,1,0.0572
8,bottom,-6,1,2,0.0572
8,bottom,-6,1,3,0.0583
8,bottom,-6,1,4,0.0572
8,bottom,-6,1,5,0.0583
8,bottom,-6,1,6,0.0583
8,bottom,-6,1,7,0.0594
8,bottom,-6,2,0,0.0536
8,bottom,-6,2,1,0.0546
8,bottom,-6,2,2,0.0546
8,bottom,-6,2,3,0.0556
8,bottom,-6,2,4,0.0546
8,bottom,-6,2,5,0.0556
8,bottom,-6,2,6,0.0556
8,bottom,-6,2,7,0.0567
8,bottom,-5,0,0,0.0953
8,bottom,-5,0,1,0.0971
8,bottom,-5,0,2,0.0971
8,bottom,-5,0,3,0.0989
8,bottom,-5,0,4,0.0971
8,bottom,-5,0,5,0.0989
8,bottom,-5,0,6,0.0989
8,bottom,-5,0,7,0.1007
8,bottom,-5,1,0,0.0911
8,bottom,-5,1,1,0.0928
8,bottom,-5,1,2,0.0928
8,bottom,-5,1,3,0.0945
8,bottom,-5,1,4,0.0928
8,bottom,-5,1,5,0.0945
8,bottom,-5,1,6,0.0945
8,bottom,-5,1,7,0.0962
8,bottom,-5,2,0,0.0871
8,bottom,-5,2,1,0.0887
8,bottom,-5,2,2,0.0887
8,bottom,-5,2,3,0.0903
8,bottom,-5,2,4,0.0887
8,bottom,-5,2,5,0.0903
8,bottom,-5,2,6,0.0903
8,bottom,-5,2,7,0.092
8,bottom,-4,0,0,0.1478
8,bottom,-4,0,1,0.1503
8,bottom,-4,0,2,0.1503
8,bottom,-4,0,3,0.1529
8,bottom,-4,0,4,0.1503
8,bottom,-4,0,5,0.1529
8,bottom,-4,0,6,0.1529
8,bottom,-4,0,7,0.1555
8,bottom,-4,1,0,0.1416
8,bottom,-4,1,1,0.1441
8,bottom,-4,1,2,0.1441
8,bottom,-4,1,3,0.1465
8,bottom,-4,1,4,0.1441
8,bottom,-4,1,5,0.1465
8,bottom,-4,1,6,0.1465
8,bottom,-4,1,7,0.1491
8,bottom,-4,2,0,0.1356
8,bottom,-4,2,1,0.138
8,bottom,-4,2,2,0.138
8,bottom,-4,2,3,0.1404
8,bottom,-4,2,4,0.138
8,bottom,-4,2,5,0.1404
8,bottom,-4,2,6,0.1404
8,bottom,-4,2,7,0.1428
8,bottom,-3,0,0,0.2179
8,bottom,-3,0,1,0.2213
8,bottom,-3,0,2,0.2213
8,bottom,-3,0,3,0.2248
8,bottom,-3,0,4,0.2213
8,bottom,-3,0,5,0.2248
8,bottom,-3,0,6,0.2248
8,bottom,-3,0,7,0.2283
8,bottom,-3,1,0,0.2095
8,bottom,-3,1,1,0.2128
8,bottom,-3,1,2,0.2128
8,bottom,-3,1,3,0.2162
8,bottom,-3,1,4,0.2128
8,bottom,-3,1,5,0.2162
8,bottom,-3,1,6,0.2162
8,bottom,-3,1,7,0.2196
8,bottom,-3,2,0,0.2013
8,bottom,-3,2,1,0.2046
8,bottom,-3,2,2,0.2046
8,bottom,-3,2,3,0.2078
8,bottom,-3,2,4,0.2046
8,bottom,-3,2,5,0.2078
8,bottom,-3,2,6,0.2078
8,bottom,-3,2,7,0.2112
8,bottom,-2,0,0,0.3041
8,bottom,-2,0,1,0.3083
8,bottom,-2,0,2,0.3083
8,bottom,-2,0,3,0.3126
8,bottom,-2,0,4,0.3083
8,bottom,-2,0,5,0.3126
8,bottom,-2,0,6,0.3126
8,bottom,-2,0,7,0.3169
8,bottom,-2,1,0,0.2936
8,bottom,-2,1,1,0.2978
8,bottom,-2,1,2,0.2978
8,bottom,-2,1,3,0.302
8,bottom,-2,1,4,0.2978
8,bottom,-2,1,5,0.302
8,bottom,-2,1,6,0.302
8,bottom,-2,1,7,0.3062
8,bottom,-2,2,0,0.2833
8,bottom,-2,2,1,0.2874
8,bottom,-2,2,2,0.2874
8,bottom,-2,2,3,0.2915
8,bottom,-2,2,4,0.2874
8,bottom,-2,2,5,0.2915
8,bottom,-2,2,6,0.2915
8,bottom,-2,2,7,0.2957
8,bottom,-1,0,0,0.4008
8,bottom,-1,0,1,0.4056
8,bottom,-1,0,2,0.4056
8,bottom,-1,0,3,0.4105
8,bottom,-1,0,4,0.4056
8,bottom,-1,0,5,0.4105
8,bottom,-1,0,6,0.4105
8,bottom,-1,0,7,0.4153
8,bottom,-1,1,0,0.3889
8,bottom,-1,1,1,0.3936
8,bottom,-1,1,2,0.3936
8,bottom,-1,1,3,0.3984
8,bottom,-1,1,4,0.3936
8,bottom,-1,1,5,0.3984
8,bottom,-1,1,6,0.3984
8,bottom,-1,1,7,0.4032
8,bottom,-1,2,0,0.3771
8,bottom,-1,2,1,0.3818
8,bottom,-1,2,2,0.3818
8,bottom,-1,2,3,0.3865
8,bottom,-1,2,4,0.3818
8,bottom,-1,2,5,0.3865
8,bottom,-1,2,6,0.3865
8,bottom,-1,2,7,0.3913
8,bottom,0,0,0,0.5
8,bottom,0,0,1,0.505
8,bottom,0,0,2,0.505
8,bottom,0,0,3,0.51
8,bottom,0,0,4,0.505
8,bottom,0,0,5,0.51
8,bottom,0,0,6,0.51
8,bottom,0,0,7,0.515
8,bottom,0,1,0,0.4875
8,bottom,0,1,1,0.4925
8,bottom,0,1,2,0.4925
8,bottom,0,1,3,0.4975
8,bottom,0,1,4,0.4925
8,bottom,0,1,5,0.4975
8,bottom,0,1,6,0.4975
8,bottom,0,1,7,0.5025
8,bottom,0,2,0,0.475
8,bottom,0,2,1,0.48
8,bottom,0,2,2,0.48
8,bottom,0,2,3,0.485
8,bottom,0,2,4,0.48
8,bottom,0,2,5,0.485
8,bottom,0,2,6,0.485
8,bottom,0,2,7,0.49
8,bottom,1,0,0,0.5934
8,bottom,1,0,1,0.5982
8,bottom,1,0,2,0.5982
8,bottom,1,0,3,0.603
8,bottom,1,0,4,0.5982
8,bottom,1,0,5,0.603
8,bottom,1,0,6,0.603
8,bottom,1,0,7,0.6078
8,bottom,1,1,0,0.5813
8,bottom,1,1,1,0.5861
8,bottom,1,1,2,0.5861
8,bottom,1,1,3,0.591
8,bottom,1,1,4,0.5861
8,bottom,1,1,5,0.591
8,bottom,1,1,6,0.591
8,bottom,1,1,7,0.5958
8,bottom,1,2,0,0.5691
8,bottom,1,2,1,0.574
8,bottom,1,2,2,0.574
8,bottom,1,2,3,0.5788
8,bottom,1,2,4,0.574
8,bottom,1,2,5,0.5788
8,bottom,1,2,6,0.5788
8,bottom,1,2,7,0.5837
8,bottom,2,0,0,0.6752
8,bottom,2,0,1,0.6796
8,bottom,2,0,2,0.6796
8,bottom,2,0,3,0.684
8,bottom,2,0,4,0.6796
8,bottom,2,0,5,0.684
8,bottom,2,0,6,0.684
8,bottom,2,0,7,0.6883
8,bottom,2,1,0,0.6642
8,bottom,2,1,1,0.6686
8,bottom,2,1,2,0.6686
8,bottom,2,1,3,0.673
8,bottom,2,1,4,0.6686
8,bottom,2,1,5,0.673
8,bottom,2,1,6,0.673
8,bottom,2,1,7,0.6774
8,bottom,2,2,0,0.6529
8,bottom,2,2,1,0.6575
8,bottom,2,2,2,0.6575
8,bottom,2,2,3,0.662
8,bottom,2,2,4,0.6575
8,bottom,2,2,5,0.662
8,bottom,2,2,6,0.662
8,bottom,2,2,7,0.6664
8,bottom,3,0,0,0.7431
8,bottom,3,0,1,0.7469
8,bottom,3,0,2,0.7469
8,bottom,3,0,3,0.7506
8,bottom,3,0,4,0.7469
8,bottom,3,0,5,0.7506
8,bottom,3,0,6,0.7506
8,bottom,3,0,7,0.7544
8,bottom,3,1,0,0.7334
8,bottom,3,1,1,0.7373
8,bottom,3,1,2,0.7373
8,bottom,3,1,3,0.7412
8,bottom,3,1,4,0.7373
8,bottom,3,1,5,0.7412
8,bottom,3,1,6,0.7412
8,bottom,3,1,7,0.745
8,bottom,3,2,0,0.7235
8,bottom,3,2,1,0.7275
8,bottom,3,2,2,0.7275
8,bottom,3,2,3,0.7315
8,bottom,3,2,4,0.7275
8,bottom,3,2,5,0.7315
8,bottom,3,2,6,0.7315
8,bottom,3,2,7,0.7354
8,bottom,4,0,0,0.7971
8,bottom,4,0,1,0.8003
8,bottom,4,0,2,0.8003
8,bottom,4,0,3,0.8035
8,bottom,4,0,4,0.8003
8,bottom,4,0,5,0.8035
8,bottom,4,0,6,0.8035
8,bottom,4,0,7,0.8066
8,bottom,4,1,0,0.7888
8,bottom,4,1,1,0.7922
8,bottom,4,1,2,0.7922
8,bottom,4,1,3,0.7954
8,bottom,4,1,4,0.7922
8,bottom,4,1,5,0.7954
8,bottom,4,1,6,0.7954
8,bottom,4,1,7,0.7987
8,bottom,4,2,0,0.7804
8,bottom,4,2,1,0.7838
8,bottom,4,2,2,0.7838
8,bottom,4,2,3,0.7872
8,bottom,4,2,4,0.7838
8,bottom,4,2,5,0.7872
8,bottom,4,2,6,0.7872
8,bottom,4,2,7,0.7905
8,bottom,5,0,0,0.8389
8,bottom,5,0,1,0.8416
8,bottom,5,0,2,0.8416
8,bottom,5,0,3,0.8442
8,bottom,5,0,4,0.8416
8,bottom,5,0,5,0.8442
8,bottom,5,0,6,0.8442
8,bottom,5,0,7,0.8468
8,bottom,5,1,0,0.832
8,bottom,5,1,1,0.8348
8,bottom,5,1,2,0.8348
8,bottom,5,1,3,0.8375
8,bottom,5,1,4,0.8348
8,bottom,5,1,5,0.8375
8,bottom,5,1,6,0.8375
8,bottom,5,1,7,0.8402
8,bottom,5,2,0,0.8249
8,bottom,5,2,1,0.8278
8,bottom,5,2,2,0.8278
8,bottom,5,2,3,0.8306
8,bottom,5,2,4,0.8278
8,bottom,5,2,5,0.8306
8,bottom,5,2,6,0.8306
8,bottom,5,2,7,0.8334
8,bottom,6,0,0,0.8708
8,bottom,6,0,1,0.873
8,bottom,6,0,2,0.873
8,bottom,6,0,3,0.8752
8,bottom,6,0,4,0.873
8,bottom,6,0,5,0.8752
8,bottom,6,0,6,0.8752
8,bottom,6,0,7,0.8774
8,bottom,6,1,0,0.8651
8,bottom,6,1,1,0.8674
8,bottom,6,1,2,0.8674
8,bottom,6,1,3,0.8697
8,bottom,6,1,4,0.8674
8,bottom,6,1,5,0.8697
8,bottom,6,1,6,0.8697
8,bottom,6,1,7,0.8719
8,bottom,6,2,0,0.8591
8,bottom,6,2,1,0.8615
8,bottom,6,2,2,0.8615
8,bottom,6,2,3,0.8639
8,bottom,6,2,4,0.8615
8,bottom,6,2,5,0.8639
8,bottom,6,2,6,0.8639
8,bottom,6,2,7,0.8662
8,bottom,7,0,0,0.8949
8,bottom,7,0,1,0.8968
8,bottom,7,0,2,0.8968
8,bottom,7,0,3,0.8986
8,bottom,7,0,4,0.8968
8,bottom,7,0,5,0.8986
8,bottom,7,0,6,0.8986
8,bottom,7,0,7,0.9004
8,bottom,7,1,0,0.8901
8,bottom,7,1,1,0.8921
8,bottom,7,1,2,0.8921
8,bottom,7,1,3,0.894
8,bottom,7,1,4,0.8921
8,bottom,7,1,5,0.894
8,bottom,7,1,6,0.894
8,bottom,7,1,7,0.8959
8,bottom,7,2,0,0.8851
8,bottom,7,2,1,0.8872
8,bottom,7,2,2,0.8872
8,bottom,7,2,3,0.8891
8,bottom,7,2,4,0.8872
8,bottom,7,2,5,0.8891
8,bottom,7,2,6,0.8891
8,bottom,7,2,7,0.8911
8,bottom,8,0,0,0.9131
8,bottom,8,0,1,0.9147
8,bottom,8,0,2,0.9147
8,bottom,8,0,3,0.9162
8,bottom,8,0,4,0.9147
8,bottom,8,0,5,0.9162
8,bottom,8,0,6,0.9162
8,bottom,8,0,7,0.9177
8,bottom,8,1,0,0.909
8,bottom,8,1,1,0.9107
8,bottom,8,1,2,0.9107
8,bottom,8,1,3,0.9123
8,bottom,8,1,4,0.9107
8,bottom,8,1,5,0.9123
8,bottom,8,1,6,0.9123
8,bottom,8,1,7,0.9139
8,bottom,8,2,0,0.9048
8,bottom,8,2,1,0.9065
8,bottom,8,2,2,0.9065
8,bottom,8,2,3,0.9082
8,bottom,8,2,4,0.9065
8,bottom,8,2,5,0.9082
8,bottom,8,2,6,0.9082
8,bottom,8,2,7,0.9099
8,bottom,9,0,0,0.9268
8,bottom,9,0,1,0.9281
8,bottom,9,0,2,0.9281
8,bottom,9,0,3,0.9294
8,bottom,9,0,4,0.9281
8,bottom,9,0,5,0.9294
8,bottom,9,0,6,0.9294
8,bottom,9,0,7,0.9307
8,bottom,9,1,0,0.9233
8,bottom,9,1,1,0.9247
8,bottom,9,1,2,0.9247
8,bottom,9,1,3,0.9261
8,bottom,9,1,4,0.9247
8,bottom,9,1,5,0.9261
8,bottom,9,1,6,0.9261
8,bottom,9,1,7,0.9274
8,bottom,9,2,0,0.9197
8,bottom,9,2,1,0.9211
8,bottom,9,2,2,0.9211
8,bottom,9,2,3,0.9226
8,bottom,9,2,4,0.9211
8,bottom,9,2,5,0.9226
8,bottom,9,2,6,0.9226
8,bottom,9,2,7,0.924
8,bottom,10,0,0,0.937
8,bottom,10,0,1,0.9382
8,bottom,10,0,2,0.9382
8,bottom,10,0,3,0.9393
8,bottom,10,0,4,0.9382
8,bottom,10,0,5,0.9393
8,bottom,10,0,6,0.9393
8,bottom,10,0,7,0.9405
8,bottom,10,1,0,0.934
8,bottom,10,1,1,0.9352
8,bottom,10,1,2,0.9352
8,bottom,10,1,3,0.9364
8,bottom,10,1,4,0.9352
8,bottom,10,1,5,0.9364
8,bottom,10,1,6,0.9364
8,bottom,10,1,7,0.9376
8,bottom,10,2,0,0.9309
8,bottom,10,2,1,0.9321
8,bottom,10,2,2,0.9321
8,bottom,10,2,3,0.9334
8,bottom,10,2,4,0.9321
8,bottom,10,2,5,0.9334
8,bottom,10,2,6,0.9334
8,bottom,10,2,7,0.9346
9,top,-10,0,0,0.0058
9,top,-10,0,1,0.0059
9,top,-10,0,2,0.0059
9,top,-10,0,3,0.006
9,top,-10,0,4,0.0059
9,top,-10,0,5,0.006
9,top,-10,0,6,0.006
9,top,-10,0,7,0.0061
9,top,-10,1,0,0.0055
9,top,-10,1,1,0.0056
9,top,-10,1,2,0.0056
9,top,-10,1,3,0.0057
9,top,-10,1,4,0.0056
9,top,-10,1,5,0.0057
9,top,-10,1,6,0.0057
9,top,-10,1,7,0.0058
9,top,-10,2,0,0.0052
9,top,-10,2,1,0.0053
9,top,-10,2,2,0.0053
9,top,-10,2,3,0.0054
9,top,-10,2,4,0.0053
9,top,-10,2,5,0.0054
9,top,-10,2,6,0.0054
9,top,-10,2,7,0.0055
9,top,-9,0,0,0.0107
9,top,-9,0,1,0.0109
9,top,-9,0,2,0.0109
9,top,-9,0,3,0.0111
9,top,-9,0,4,0.0109
9,top,-9,0,5,0.0111
9,top,-9,0,6,0.0111
9,top,-9,0,7,0.0114
9,top,-9,1,0,0.0102
9,top,-9,1,1,0.0104
9,top,-9,1,2,0.0104
9,top,-9,1,3,0.0106
9,top,-9,1,4,0.0104
9,top,-9,1,5,0.0106
9,top,-9,1,6,0.0106
9,top,-9,1,7,0.0108
9,top,-9,2,0,0.0097
9,top,-9,2,1,0.0099
9,top,-9,2,2,0.0099
9,top,-9,2,3,0.0101
9,top,-9,2,4,0.0099
9,top,-9,2,5,0.0101
9,top,-9,2,6,0.0101
9,top,-9,2,7,0.0103
9,top,-8,0,0,0.0193
9,top,-8,0,1,0.0197
9,top,-8,0,2,0.0197
9,top,-8,0,3,0.0201
9,top,-8,0,4,0.0197
9,top,-8,0,5,0.0201
9,top,-8,0,6,0.0201
9,top,-8,0,7,0.0205
9,top,-8,1,0,0.0184
9,top,-8,1,1,0.0187
9,top,-8,1,2,0.0187
9,top,-8,1,3,0.0191
9,top,-8,1,4,0.0187
9,top,-8,1,5,0.0191
9,top,-8,1,6,0.0191
9,top,-8,1,7,0.0195
9,top,-8,2,0,0.0175
9,top,-8,2,1,0.0178
9,top,-8,2,2,0.0178
9,top,-8,2,3,0.0182
9,top,-8,2,4,0.0178
9,top,-8,2,5,0.0182
9,top,-8,2,6,0.0182
9,top,-8,2,7,0.0186
9,top,-7,0,0,0.0338
9,top,-7,0,1,0.0345
9,top,-7,0,2,0.0345
9,top,-7,0,3,0.0351
9,top,-7,0,4,0.0345
9,top,-7,0,5,0.0351
9,top,-7,0,6,0.0351
9,top,-7,0,7,0.0358
9,top,-7,1,0,0.0322
9,top,-7,1,1,0.0328
9,top,-7,1,2,0.0328
9,top,-7,1,3,0.0335
9,top,-7,1,4,0.0328
9,top,-7,1,5,0.0335
9,top,-7,1,6,0.0335
9,top,-7,1,7,0.0341
9,top,-7,2,0,0.0307
9,top,-7,2,1,0.0313
9,top,-7,2,2,0.0313
9,top,-7,2,3,0.0319
9,top,-7,2,4,0.0313
9,top,-7,2,5,0.0319
9,top,-7,2,6,0.0319
9,top,-7,2,7,0.0325
9,top,-6,0,0,0.0572
9,top,-6,0,1,0.0583
9,top,-6,0,2,0.0583
9,top,-6,0,3,0.0594
9,top,-6,0,4,0.0583
9,top,-6,0,5,0.0594
9,top,-6,0,6,0.0594
9,top,-6,0,7,0.0605
9,top,-6,1,0,0.0546
9,top,-6,1,1,0.0556
9,top,-6,1,2,0.0556
9,top,-6,1,3,0.0567
9,top,-6,1,4,0.0556
9,top,-6,1,5,0.0567
9,top,-6,1,6,0.0567
9,top,-6,1,7,0.0578
9,top,-6,2,0,0.0521
9,top,-6,2,1,0.0531
9,top,-6,2,2,0.0531
9,top,-6,2,3,0.0541
9,top,-6,2,4,0.0531
9,top,-6,2,5,0.0541
9,top,-6,2,6,0.0541
9,top,-6,2,7,0.0551
9,top,-5,0,0,0.0932
9,top,-5,0,1,0.0949
9,top,-5,0,2,0.0949
9,top,-5,0,3,0.0967
9,top,-5,0,4,0.0949
9,top,-5,0,5,0.0967
9,top,-5,0,6,0.0967
9,top,-5,0,7,0.0984
9,top,-5,1,0,0.0891
9,top,-5,1,1,0.0907
9,top,-5,1,2,0.0907
9,top,-5,1,3,0.0924
9,top,-5,1,4,0.0907
9,top,-5,1,5,0.0924
9,top,-5,1,6,0.0924
9,top,-5,1,7,0.0941
9,top,-5,2,0,0.0851
9,top,-5,2,1,0.0867
9,top,-5,2,2,0.0867
9,top,-5,2,3,0.0883
9,top,-5,2,4,0.0867
9,top,-5,2,5,0.0883
9,top,-5,2,6,0.0883
9,top,-5,2,7,0.0899
9,top,-4,0,0,0.1453
9,top,-4,0,1,0.1478
9,top,-4,0,2,0.1478
9,top,-4,0,3,0.1503
9,top,-4,0,4,0.1478
9,top,-4,0,5,0.1503
9,top,-4,0,6,0.1503
9,top,-4,0,7,0.1529
9,top,-4,1,0,0.1392
9,top,-4,1,1,0.1416
9,top,-4,1,2,0.1416
9,top,-4,1,3,0.1441
9,top,-4,1,4,0.1416
9,top,-4,1,5,0.1441
9,top,-4,1,6,0.1441
9,top,-4,1,7,0.1465
9,top,-4,2,0,0.1333
9,top,-4,2,1,0.1356
9,top,-4,2,2,0.1356
9,top,-4,2,3,0.138
9,top,-4,2,4,0.1356
9,top,-4,2,5,0.138
9,top,-4,2,6,0.138
9,top,-4,2,7,0.1404
9,top,-3,0,0,0.2153
9,top,-3,0,1,0.2187
9,top,-3,0,2,0.2187
9,top,-3,0,3,0.2222
9,top,-3,0,4,0.2187
9,top,-3,0,5,0.2222
9,top,-3,0,6,0.2222
9,top,-3,0,7,0.2257
9,top,-3,1,0,0.207
9,top,-3,1,1,0.2103
9,top,-3,1,2,0.2103
9,top,-3,1,3,0.2137
9,top,-3,1,4,0.2103
9,top,-3,1,5,0.2137
9,top,-3,1,6,0.2137
9,top,-3,1,7,0.217
9,top,-3,2,0,0.1989
9,top,-3,2,1,0.2021
9,top,-3,2,2,0.2021
9,top,-3,2,3,0.2054
9,top,-3,2,4,0.2021
9,top,-3,2,5,0.2054
9,top,-3,2,6,0.2054
9,top,-3,2,7,0.2087
9,top,-2,0,0,0.302
9,top,-2,0,1,0.3062
9,top,-2,0,2,0.3062
9,top,-2,0,3,0.3105
9,top,-2,0,4,0.3062
9,top,-2,0,5,0.3105
9,top,-2,0,6,0.3105
9,top,-2,0,7,0.3148
9,top,-2,1,0,0.2915
9,top,-2,1,1,0.2957
9,top,-2,1,2,0.2957
9,top,-2,1,3,0.2999
9,top,-2,1,4,0.2957
9,top,-2,1,5,0.2999
9,top,-2,1,6,0.2999
9,top,-2,1,7,0.3041
9,top,-2,2,0,0.2813
9,top,-2,2,1,0.2854
9,top,-2,2,2,0.2854
9,top,-2,2,3,0.2895
9,top,-2,2,4,0.2854
9,top,-2,2,5,0.2895
9,top,-2,2,6,0.2895
9,top,-2,2,7,0.2936
9,top,-1,0,0,0.3996
9,top,-1,0,1,0.4044
9,top,-1,0,2,0.4044
9,top,-1,0,3,0.4093
9,top,-1,0,4,0.4044
9,top,-1,0,5,0.4093
9,top,-1,0,6,0.4093
9,top,-1,0,7,0.4141
9,top,-1,1,0,0.3877
9,top,-1,1,1,0.3925
9,top,-1,1,2,0.3925
9,top,-1,1,3,0.3972
9,top,-1,1,4,0.3925
9,top,-1,1,5,0.3972
9,top,-1,1,6,0.3972
9,top,-1,1,7,0.402
9,top,-1,2,0,0.3759
9,top,-1,2,1,0.3806
9,top,-1,2,2,0.3806
9,top,-1,2,3,0.3853
9,top,-1,2,4,0.3806
9,top,-1,2,5,0.3853
9,top,-1,2,6,0.3853
9,top,-1,2,7,0.3901
9,top,0,0,0,0.5
9,top,0,0,1,0.505
9,top,0,0,2,0.505
9,top,0,0,3,0.51
9,top,0,0,4,0.505
9,top,0,0,5,0.51
9,top,0,0,6,0.51
9,top,0,0,7,0.515
9,top,0,1,0,0.4875
9,top,0,1,1,0.4925
9,top,0,1,2,0.4925
9,top,0,1,3,0.4975
9,top,0,1,4,0.4925
9,top,0,1,5,0.4975
9,top,0,1,6,0.4975
9,top,0,1,7,0.5025
9,top,0,2,0,0.475
9,top,0,2,1,0.48
9,top,0,2,2,0.48
9,top,0,2,3,0.485
9,top,0,2,4,0.48
9,top,0,2,5,0.485
9,top,0,2,6,0.485
9,top,0,2,7,0.49
9,top,1,0,0,0.5946
9,top,1,0,1,0.5994
9,top,1,0,2,0.5994
9,top,1,0,3,0.6042
9,top,1,0,4,0.5994
9,top,1,0,5,0.6042
9,top,1,0,6,0.6042
9,top,1,0,7,0.609
9,top,1,1,0,0.5825
9,top,1,1,1,0.5873
9,top,1,1,2,0.5873
9,top,1,1,3,0.5922
9,top,1,1,4,0.5873
9,top,1,1,5,0.5922
9,top,1,1,6,0.5922
9,top,1,1,7,0.597
9,top,1,2,0,0.5703
9,top,1,2,1,0.5752
9,top,1,2,2,0.5752
9,top,1,2,3,0.5801
9,top,1,2,4,0.5752
9,top,1,2,5,0.5801
9,top,1,2,6,0.5801
9,top,1,2,7,0.5849
9,top,2,0,0,0.6774
9,top,2,0,1,0.6818
9,top,2,0,2,0.6818
9,top,2,0,3,0.6861
9,top,2,0,4,0.6818
9,top,2,0,5,0.6861
9,top,2,0,6,0.6861
9,top,2,0,7,0.6904
9,top,2,1,0,0.6664
9,top,2,1,1,0.6708
9,top,2,1,2,0.6708
9,top,2,1,3,0.6752
9,top,2,1,4,0.6708
9,top,2,1,5,0.6752
9,top,2,1,6,0.6752
9,top,2,1,7,0.6796
9,top,2,2,0,0.6552
9,top,2,2,1,0.6597
9,top,2,2,2,0.6597
9,top,2,2,3,0.6642
9,top,2,2,4,0.6597
9,top,2,2,5,0.6642
9,top,2,2,6,0.6642
9,top,2,2,7,0.6686
9,top,3,0,0,0.7459
9,top,3,0,1,0.7497
9,top,3,0,2,0.7497
9,top,3,0,3,0.7534
9,top,3,0,4,0.7497
9,top,3,0,5,0.7534
9,top,3,0,6,0.7534
9,top,3,0,7,0.7571
9,top,3,1,0,0.7363
9,top,3,1,1,0.7402
9,top,3,1,2,0.7402
9,top,3,1,3,0.744
9,top,3,1,4,0.7402
9,top,3,1,5,0.744
9,top,3,1,6,0.744
9,top,3,1,7,0.7478
9,top,3,2,0,0.7265
9,top,3,2,1,0.7305
9,top,3,2,2,0.7305
9,top,3,2,3,0.7344
9,top,3,2,4,0.7305
9,top,3,2,5,0.7344
9,top,3,2,6,0.7344
9,top,3,2,7,0.7383
9,top,4,0,0,0.8003
9,top,4,0,1,0.8035
9,top,4,0,2,0.8035
9,top,4,0,3,0.8066
9,top,4,0,4,0.8035
9,top,4,0,5,0.8066
9,top,4,0,6,0.8066
9,top,4,0,7,0.8097
9,top,4,1,0,0.7922
9,top,4,1,1,0.7954
9,top,4,1,2,0.7954
9,top,4,1,3,0.7987
9,top,4,1,4,0.7954
9,top,4,1,5,0.7987
9,top,4,1,6,0.7987
9,top,4,1,7,0.8019
9,top,4,2,0,0.7838
9,top,4,2,1,0.7872
9,top,4,2,2,0.7872
9,top,4,2,3,0.7905
9,top,4,2,4,0.7872
9,top,4,2,5,0.7905
9,top,4,2,6,0.7905
9,top,4,2,7,0.7938
9,top,5,0,0,0.8422
9,top,5,0,1,0.8449
9,top,5,0,2,0.8449
9,top,5,0,3,0.8475
9,top,5,0,4,0.8449
9,top,5,0,5,0.8475
9,top,5,0,6,0.8475
9,top,5,0,7,0.8501
9,top,5,1,0,0.8355
9,top,5,1,1,0.8382
9,top,5,1,2,0.8382
9,top,5,1,3,0.8409
9,top,5,1,4,0.8382
9,top,5,1,5,0.8409
9,top,5,1,6,0.8409
9,top,5,1,7,0.8436
9,top,5,2,0,0.8285
9,top,5,2,1,0.8313
9,top,5,2,2,0.8313
9,top,5,2,3,0.8341
9,top,5,2,4,0.8313
9,top,5,2,5,0.8341
9,top,5,2,6,0.8341
9,top,5,2,7,0.8369
9,top,6,0,0,0.8741
9,top,6,0,1,0.8763
9,top,6,0,2,0.8763
9,top,6,0,3,0.8785
9,top,6,0,4,0.8763
9,top,6,0,5,0.8785
9,top,6,0,6,0.8785
9,top,6,0,7,0.8806
9,top,6,1,0,0.8685
9,top,6,1,1,0.8708
9,top,6,1,2,0.8708
9,top,6,1,3,0.873
9,top,6,1,4,0.8708
9,top,6,1,5,0.873
9,top,6,1,6,0.873
9,top,6,1,7,0.8752
9,top,6,2,0,0.8627
9,top,6,2,1,0.8651
9,top,6,2,2,0.8651
9,top,6,2,3,0.8674
9,top,6,2,4,0.8651
9,top,6,2,5,0.8674
9,top,6,2,6,0.8674
9,top,6,2,7,0.8697
9,top,7,0,0,0.8982
9,top,7,0,1,0.9
9,top,7,0,2,0.9
9,top,7,0,3,0.9018
9,top,7,0,4,0.9
9,top,7,0,5,0.9018
9,top,7,0,6,0.9018
9,top,7,0,7,0.9035
9,top,7,1,0,0.8935
9,top,7,1,1,0.8954
9,top,7,1,2,0.8954
9,top,7,1,3,0.8972
9,top,7,1,4,0.8954
9,top,7,1,5,0.8972
9,top,7,1,6,0.8972
9,top,7,1,7,0.8991
9,top,7,2,0,0.8886
9,top,7,2,1,0.8906
9,top,7,2,2,0.8906
9,top,7,2,3,0.8925
9,top,7,2,4,0.8906
9,top,7,2,5,0.8925
9,top,7,2,6,0.8925
9,top,7,2,7,0.8944
9,top,8,0,0,0.9162
9,top,8,0,1,0.9177
9,top,8,0,2,0.9177
9,top,8,0,3,0.9192
9,top,8,0,4,0.9177
9,top,8,0,5,0.9192
9,top,8,0,6,0.9192
9,top,8,0,7,0.9207
9,top,8,1,0,0.9123
9,top,8,1,1,0.9139
9,top,8,1,2,0.9139
9,top,8,1,3,0.9154
9,top,8,1,4,0.9139
9,top,8,1,5,0.9154
9,top,8,1,6,0.9154
9,top,8,1,7,0.917
9,top,8,2,0,0.9082
9,top,8,2,1,0.9099
9,top,8,2,2,0.9099
9,top,8,2,3,0.9115
9,top,8,2,4,0.9099
9,top,8,2,5,0.9115
9,top,8,2,6,0.9115
9,top,8,2,7,0.9131
9,top,9,0,0,0.9298
9,top,9,0,1,0.9311
9,top,9,0,2,0.9311
9,top,9,0,3,0.9323
9,top,9,0,4,0.9311
9,top,9,0,5,0.9323
9,top,9,0,6,0.9323
9,top,9,0,7,0.9336
9,top,9,1,0,0.9264
9,top,9,1,1,0.9278
9,top,9,1,2,0.9278
9,top,9,1,3,0.9291
9,top,9,1,4,0.9278
9,top,9,1,5,0.9291
9,top,9,1,6,0.9291
9,top,9,1,7,0.9304
9,top,9,2,0,0.9229
9,top,9,2,1,0.9244
9,top,9,2,2,0.9244
9,top,9,2,3,0.9257
9,top,9,2,4,0.9244
9,top,9,2,5,0.9257
9,top,9,2,6,0.9257
9,top,9,2,7,0.9271
9,top,10,0,0,0.9399
9,top,10,0,1,0.941
9,top,10,0,2,0.941
9,top,10,0,3,0.9421
9,top,10,0,4,0.941
9,top,10,0,5,0.9421
9,top,10,0,6,0.9421
9,top,10,0,7,0.9432
9,top,10,1,0,0.937
9,top,10,1,1,0.9382
9,top,10,1,2,0.9382
9,top,10,1,3,0.9393
9,top,10,1,4,0.9382
9,top,10,1,5,0.9393
9,top,10,1,6,0.9393
9,top,10,1,7,0.9405
9,top,10,2,0,0.934
9,top,10,2,1,0.9352
9,top,10,2,2,0.9352
9,top,10,2,3,0.9364
9,top,10,2,4,0.9352
9,top,10,2,5,0.9364
9,top,10,2,6,0.9364
9,top,10,2,7,0.9376
9,bottom,-10,0,0,0.0058
9,bottom,-10,0,1,0.0059
9,bottom,-10,0,2,0.0059
9,bottom,-10,0,3,0.006
9,bottom,-10,0,4,0.0059
9,bottom,-10,0,5,0.006
9,bottom,-10,0,6,0.006
9,bottom,-10,0,7,0.0061
9,bottom,-10,1,0,0.0055
9,bottom,-10,1,1,0.0056
9,bottom,-10,1,2,0.0056
9,bottom,-10,1,3,0.0057
9,bottom,-10,1,4,0.0056
9,bottom,-10,1,5,0.0057
9,bottom,-10,1,6,0.0057
9,bottom,-10,1,7,0.0058
9,bottom,-10,2,0,0.0052
9,bottom,-10,2,1,0.0053
9,bottom,-10,2,2,0.0053
9,bottom,-10,2,3,0.0054
9,bottom,-10,2,4,0.0053
9,bottom,-10,2,5,0.0054
9,bottom,-10,2,6,0.0054
9,bottom,-10,2,7,0.0055
9,bottom,-9,0,0,0.0107
9,bottom,-9,0,1,0.0109
9,bottom,-9,0,2,0.0109
9,bottom,-9,0,3,0.0111
9,bottom,-9,0,4,0.0109
9,bottom,-9,0,5,0.0111
9,bottom,-9,0,6,0.0111
9,bottom,-9,0,7,0.0114
9,bottom,-9,1,0,0.0102
9,bottom,-9,1,1,0.0104
9,bottom,-9,1,2,0.0104
9,bottom,-9,1,3,0.0106
9,bottom,-9,1,4,0.0104
9,bottom,-9,1,5,0.0106
9,bottom,-9,1,6,0.0106
9,bottom,-9,1,7,0.0108
9,bottom,-9,2,0,0.0097
9,bottom,-9,2,1,0.0099
9,bottom,-9,2,2,0.0099
9,bottom,-9,2,3,0.0101
9,bottom,-9,2,4,0.0099
9,bottom,-9,2,5,0.0101
9,bottom,-9,2,6,0.0101
9,bottom,-9,2,7,0.0103
9,bottom,-8,0,0,0.0193
9,bottom,-8,0,1,0.0197
9,bottom,-8,0,2,0.0197
9,bottom,-8,0,3,0.0201
9,bottom,-8,0,4,0.0197
9,bottom,-8,0,5,0.0201
9,bottom,-8,0,6,0.0201
9,bottom,-8,0,7,0.0205
9,bottom,-8,1,0,0.0184
9,bottom,-8,1,1,0.0187
9,bottom,-8,1,2,0.0187
9,bottom,-8,1,3,0.0191
9,bottom,-8,1,4,0.0187
9,bottom,-8,1,5,0.0191
9,bottom,-8,1,6,0.0191
9,bottom,-8,1,7,0.0195
9,bottom,-8,2,0,0.0175
9,bottom,-8,2,1,0.0178
9,bottom,-8,2,2,0.0178
9,bottom,-8,2,3,0.0182
9,bottom,-8,2,4,0.0178
9,bottom,-8,2,5,0.0182
9,bottom,-8,2,6,0.0182
9,bottom,-8,2,7,0.0186
9,bottom,-7,0,0,0.0338
9,bottom,-7,0,1,0.0345
9,bottom,-7,0,2,0.0345
9,bottom,-7,0,3,0.0351
9,bottom,-7,0,4,0.0345
9,bottom,-7,0,5,0.0351
9,bottom,-7,0,6,0.0351
9,bottom,-7,0,7,0.0358
9,bottom,-7,1,0,0.0322
9,bottom,-7,1,1,0.0328
9,bottom,-7,1,2,0.0328
9,bottom,-7,1,3,0.0335
9,bottom,-7,1,4,0.0328
9,bottom,-7,1,5,0.0335
9,bottom,-7,1,6,0.0335
9,bottom,-7,1,7,0.0341
9,bottom,-7,2,0,0.0307
9,bottom,-7,2,1,0.0313
9,bottom,-7,2,2,0.0313
9,bottom,-7,2,3,0.0319
9,bottom,-7,2,4,0.0313
9,bottom,-7,2,5,0.0319
9,bottom,-7,2,6,0.0319
9,bottom,-7,2,7,0.0325
9,bottom,-6,0,0,0.0572
9,bottom,-6,0,1,0.0583
9,bottom,-6,0,2,0.0583
9,bottom,-6,0,3,0.0594
9,bottom,-6,0,4,0.0583
9,bottom,-6,0,5,0.0594
9,bottom,-6,0,6,0.0594
9,bottom,-6,0,7,0.0605
9,bottom,-6,1,0,0.0546
9,bottom,-6,1,1,0.0556
9,bottom,-6,1,2,0.0556
9,bottom,-6,1,3,0.0567
9,bottom,-6,1,4,0.0556
9,bottom,-6,1,5,0.0567
9,bottom,-6,1,6,0.0567
9,bottom,-6,1,7,0.0578
9,bottom,-6,2,0,0.0521
9,bottom,-6,2,1,0.0531
9,bottom,-6,2,2,0.0531
9,bottom,-6,2,3,0.0541
9,bottom,-6,2,4,0.0531
9,bottom,-6,2,5,0.0541
9,bottom,-6,2,6,0.0541
9,bottom,-6,2,7,0.0551
9,bottom,-5,0,0,0.0932
9,bottom,-5,0,1,0.0949
9,bottom,-5,0,2,0.0949
9,bottom,-5,0,3,0.0967
9,bottom,-5,0,4,0.0949
9,bottom,-5,0,5,0.0967
9,bottom,-5,0,6,0.0967
9,bottom,-5,0,7,0.0984
9,bottom,-5,1,0,0.0891
9,bottom,-5,1,1,0.0907
9,bottom,-5,1,2,0.0907
9,bottom,-5,1,3,0.0924
9,bottom,-5,1,4,0.0907
9,bottom,-5,1,5,0.0924
9,bottom,-5,1,6,0.0924
9,bottom,-5,1,7,0.0941
9,bottom,-5,2,0,0.0851
9,bottom,-5,2,1,0.0867
9,bottom,-5,2,2,0.0867
9,bottom,-5,2,3,0.0883
9,bottom,-5,2,4,0.0867
9,bottom,-5,2,5,0.0883
9,bottom,-5,2,6,0.0883
9,bottom,-5,2,7,0.0899
9,bottom,-4,0,0,0.1453
9,bottom,-4,0,1,0.1478
9,bottom,-4,0,2,0.1478
9,bottom,-4,0,3,0.1503
9,bottom,-4,0,4,0.1478
9,bottom,-4,0,5,0.1503
9,bottom,-4,0,6,0.1503
9,bottom,-4,0,7,0.1529
9,bottom,-4,1,0,0.1392
9,bottom,-4,1,1,0.1416
9,bottom,-4,1,2,0.1416
9,bottom,-4,1,3,0.1441
9,bottom,-4,1,4,0.1416
9,bottom,-4,1,5,0.1441
9,bottom,-4,1,6,0.1441
9,bottom,-4,1,7,0.1465
9,bottom,-4,2,0,0.1333
9,bottom,-4,2,1,0.1356
9,bottom,-4,2,2,0.1356
9,bottom,-4,2,3,0.138
9,bottom,-4,2,4,0.1356
9,bottom,-4,2,5,0.138
9,bottom,-4,2,6,0.138
9,bottom,-4,2,7,0.1404
9,bottom,-3,0,0,0.2153
9,bottom,-3,0,1,0.2187
9,bottom,-3,0,2,0.2187
9,bottom,-3,0,3,0.2222
9,bottom,-3,0,4,0.2187
9,bottom,-3,0,5,0.2222
9,bottom,-3,0,6,0.2222
9,bottom,-3,0,7,0.2257
9,bottom,-3,1,0,0.207
9,bottom,-3,1,1,0.2103
9,bottom,-3,1,2,0.2103
9,bottom,-3,1,3,0.2137
9,bottom,-3,1,4,0.2103
9,bottom,-3,1,5,0.2137
9,bottom,-3,1,6,0.2137
9,bottom,-3,1,7,0.217
9,bottom,-3,2,0,0.1989
9,bottom,-3,2,1,0.2021
9,bottom,-3,2,2,0.2021
9,bottom,-3,2,3,0.2054
9,bottom,-3,2,4,0.2021
9,bottom,-3,2,5,0.2054
9,bottom,-3,2,6,0.2054
9,bottom,-3,2,7,0.2087
9,bottom,-2,0,0,0.302
9,bottom,-2,0,1,0.3062
9,bottom,-2,0,2,0.3062
9,bottom,-2,0,3,0.3105
9,bottom,-2,0,4,0.3062
9,bottom,-2,0,5,0.3105
9,bottom,-2,0,6,0.3105
9,bottom,-2,0,7,0.3148
9,bottom,-2,1,0,0.2915
9,bottom,-2,1,1,0.2957
9,bottom,-2,1,2,0.2957
9,bottom,-2,1,3,0.2999
9,bottom,-2,1,4,0.2957
9,bottom,-2,1,5,0.2999
9,bottom,-2,1,6,0.2999
9,bottom,-2,1,7,0.3041
9,bottom,-2,2,0,0.2813
9,bottom,-2,2,1,0.2854
9,bottom,-2,2,2,0.2854
9,bottom,-2,2,3,0.2895
9,bottom,-2,2,4,0.2854
9,bottom,-2,2,5,0.2895
9,bottom,-2,2,6,0.2895
9,bottom,-2,2,7,0.2936
9,bottom,-1,0,0,0.3996
9,bottom,-1,0,1,0.4044
9,bottom,-1,0,2,0.4044
9,bottom,-1,0,3,0.4093
9,bottom,-1,0,4,0.4044
9,bottom,-1,0,5,0.4093
9,bottom,-1,0,6,0.4093
9,bottom,-1,0,7,0.4141
9,bottom,-1,1,0,0.3877
9,bottom,-1,1,1,0.3925
9,bottom,-1,1,2,0.3925
9,bottom,-1,1,3,0.3972
9,bottom,-1,1,4,0.3925
9,bottom,-1,1,5,0.3972
9,bottom,-1,1,6,0.3972
9,bottom,-1,1,7,0.402
9,bottom,-1,2,0,0.3759
9,bottom,-1,2,1,0.3806
9,bottom,-1,2,2,0.3806
9,bottom,-1,2,3,0.3853
9,bottom,-1,2,4,0.3806
9,bottom,-1,2,5,0.3853
9,bottom,-1,2,6,0.3853
9,bottom,-1,2,7,0.3901
9,bottom,0,0,0,0.5
9,bottom,0,0,1,0.505
9,bottom,0,0,2,0.505
9,bottom,0,0,3,0.51
9,bottom,0,0,4,0.505
9,bottom,0,0,5,0.51
9,bottom,0,0,6,0.51
9,bottom,0,0,7,0.515
9,bottom,0,1,0,0.4875
9,bottom,0,1,1,0.4925
9,bottom,0,1,2,0.4925
9,bottom,0,1,3,0.4975
9,bottom,0,1,4,0.4925
9,bottom,0,1,5,0.4975
9,bottom,0,1,6,0.4975
9,bottom,0,1,7,0.5025
9,bottom,0,2,0,0.475
9,bottom,0,2,1,0.48
9,bottom,0,2,2,0.48
9,bottom,0,2,3,0.485
9,bottom,0,2,4,0.48
9,bottom,0,2,5,0.485
9,bottom,0,2,6,0.485
9,bottom,0,2,7,0.49
9,bottom,1,0,0,0.5946
9,bottom,1,0,1,0.5994
9,bottom,1,0,2,0.5994
9,bottom,1,0,3,0.6042
9,bottom,1,0,4,0.5994
9,bottom,1,0,5,0.6042
9,bottom,1,0,6,0.6042
9,bottom,1,0,7,0.609
9,bottom,1,1,0,0.5825
9,bottom,1,1,1,0.5873
9,bottom,1,1,2,0.5873
9,bottom,1,1,3,0.5922
9,bottom,1,1,4,0.5873
9,bottom,1,1,5,0.5922
9,bottom,1,1,6,0.5922
9,bottom,1,1,7,0.597
9,bottom,1,2,0,0.5703
9,bottom,1,2,1,0.5752
9,bottom,1,2,2,0.5752
9,bottom,1,2,3,0.5801
9,bottom,1,2,4,0.5752
9,bottom,1,2,5,0.5801
9,bottom,1,2,6,0.5801
9,bottom,1,2,7,0.5849
9,bottom,2,0,0,0.6774
9,bottom,2,0,1,0.6818
9,bottom,2,0,2,0.6818
9,bottom,2,0,3,0.6861
9,bottom,2,0,4,0.6818
9,bottom,2,0,5,0.6861
9,bottom,2,0,6,0.6861
9,bottom,2,0,7,0.6904
9,bottom,2,1,0,0.6664
9,bottom,2,1,1,0.6708
9,bottom,2,1,2,0.6708
9,bottom,2,1,3,0.6752
9,bottom,2,1,4,0.6708
9,bottom,2,1,5,0.6752
9,bottom,2,1,6,0.6752
9,bottom,2,1,7,0.6796
9,bottom,2,2,0,0.6552
9,bottom,2,2,1,0.6597
9,bottom,2,2,2,0.6597
9,bottom,2,2,3,0.6642
9,bottom,2,2,4,0.6597
9,bottom,2,2,5,0.6642
9,bottom,2,2,6,0.6642
9,bottom,2,2,7,0.6686
9,bottom,3,0,0,0.7459
9,bottom,3,0,1,0.7497
9,bottom,3,0,2,0.7497
9,bottom,3,0,3,0.7534
9,bottom,3,0,4,0.7497
9,bottom,3,0,5,0.7534
9,bottom,3,0,6,0.7534
9,bottom,3,0,7,0.7571
9,bottom,3,1,0,0.7363
9,bottom,3,1,1,0.7402
9,bottom,3,1,2,0.7402
9,bottom,3,1,3,0.744
9,bottom,3,1,4,0.7402
9,bottom,3,1,5,0.744
9,bottom,3,1,6,0.744
9,bottom,3,1,7,0.7478
9,bottom,3,2,0,0.7265
9,bottom,3,2,1,0.7305
9,bottom,3,2,2,0.7305
9,bottom,3,2,3,0.7344
9,bottom,3,2,4,0.7305
9,bottom,3,2,5,0.7344
9,bottom,3,2,6,0.7344
9,bottom,3,2,7,0.7383
9,bottom,4,0,0,0.8003
9,bottom,4,0,1,0.8035
9,bottom,4,0,2,0.8035
9,bottom,4,0,3,0.8066
9,bottom,4,0,4,0.8035
9,bottom,4,0,5,0.8066
9,bottom,4,0,6,0.8066
9,bottom,4,0,7,0.8097
9,bottom,4,1,0,0.7922
9,bottom,4,1,1,0.7954
9,bottom,4,1,2,0.7954
9,bottom,4,1,3,0.7987
9,bottom,4,1,4,0.7954
9,bottom,4,1,5,0.7987
9,bottom,4,1,6,0.7987
9,bottom,4,1,7,0.8019
9,bottom,4,2,0,0.7838
9,bottom,4,2,1,0.7872
9,bottom,4,2,2,0.7872
9,bottom,4,2,3,0.7905
9,bottom,4,2,4,0.7872
9,bottom,4,2,5,0.7905
9,bottom,4,2,6,0.7905
9,bottom,4,2,7,0.7938
9,bottom,5,0,0,0.8422
9,bottom,5,0,1,0.8449
9,bottom,5,0,2,0.8449
9,bottom,5,0,3,0.8475
9,bottom,5,0,4,0.8449
9,bottom,5,0,5,0.8475
9,bottom,5,0,6,0.8475
9,bottom,5,0,7,0.8501
9,bottom,5,1,0,0.8355
9,bottom,5,1,1,0.8382
9,bottom,5,1,2,0.8382
9,bottom,5,1,3,0.8409
9,bottom,5,1,4,0.8382
9,bottom,5,1,5,0.8409
9,bottom,5,1,6,0.8409
9,bottom,5,1,7,0.8436
9,bottom,5,2,0,0.8285
9,bottom,5,2,1,0.8313
9,bottom,5,2,2,0.8313
9,bottom,5,2,3,0.8341
9,bottom,5,2,4,0.8313
9,bottom,5,2,5,0.8341
9,bottom,5,2,6,0.8341
9,bottom,5,2,7,0.8369
9,bottom,6,0,0,0.8741
9,bottom,6,0,1,0.8763
9,bottom,6,0,2,0.8763
9,bottom,6,0,3,0.8785
9,bottom,6,0,4,0.8763
9,bottom,6,0,5,0.8785
9,bottom,6,0,6,0.8785
9,bottom,6,0,7,0.8806
9,bottom,6,1,0,0.8685
9,bottom,6,1,1,0.8708
9,bottom,6,1,2,0.8708
9,bottom,6,1,3,0.873
9,bottom,6,1,4,0.8708
9,bottom,6,1,5,0.873
9,bottom,6,1,6,0.873
9,bottom,6,1,7,0.8752
9,bottom,6,2,0,0.8627
9,bottom,6,2,1,0.8651
9,bottom,6,2,2,0.8651
9,bottom,6,2,3,0.8674
9,bottom,6,2,4,0.8651
9,bottom,6,2,5,0.8674
9,bottom,6,2,6,0.8674
9,bottom,6,2,7,0.8697
9,bottom,7,0,0,0.8982
9,bottom,7,0,1,0.9
9,bottom,7,0,2,0.9
9,bottom,7,0,3,0.9018
9,bottom,7,0,4,0.9
9,bottom,7,0,5,0.9018
9,bottom,7,0,6,0.9018
9,bottom,7,0,7,0.9035
9,bottom,7,1,0,0.8935
9,bottom,7,1,1,0.8954
9,bottom,7,1,2,0.8954
9,bottom,7,1,3,0.8972
9,bottom,7,1,4,0.8954
9,bottom,7,1,5,0.8972
9,bottom,7,1,6,0.8972
9,bottom,7,1,7,0.8991
9,bottom,7,2,0,0.8886
9,bottom,7,2,1,0.8906
9,bottom,7,2,2,0.8906
9,bottom,7,2,3,0.8925
9,bottom,7,2,4,0.8906
9,bottom,7,2,5,0.8925
9,bottom,7,2,6,0.8925
9,bottom,7,2,7,0.8944
9,bottom,8,0,0,0.9162
9,bottom,8,0,1,0.9177
9,bottom,8,0,2,0.9177
9,bottom,8,0,3,0.9192
9,bottom,8,0,4,0.9177
9,bottom,8,0,5,0.9192
9,bottom,8,0,6,0.9192
9,bottom,8,0,7,0.9207
9,bottom,8,1,0,0.9123
9,bottom,8,1,1,0.9139
9,bottom,8,1,2,0.9139
9,bottom,8,1,3,0.9154
9,bottom,8,1,4,0.9139
9,bottom,8,1,5,0.9154
9,bottom,8,1,6,0.9154
9,bottom,8,1,7,0.917
9,bottom,8,2,0,0.9082
9,bottom,8,2,1,0.9099
9,bottom,8,2,2,0.9099
9,bottom,8,2,3,0.9115
9,bottom,8,2,4,0.9099
9,bottom,8,2,5,0.9115
9,bottom,8,2,6,0.9115
9,bottom,8,2,7,0.9131
9,bottom,9,0,0,0.9298
9,bottom,9,0,1,0.9311
9,bottom,9,0,2,0.9311
9,bottom,9,0,3,0.9323
9,bottom,9,0,4,0.9311
9,bottom,9,0,5,0.9323
9,bottom,9,0,6,0.9323
9,bottom,9,0,7,0.9336
9,bottom,9,1,0,0.9264
9,bottom,9,1,1,0.9278
9,bottom,9,1,2,0.9278
9,bottom,9,1,3,0.9291
9,bottom,9,1,4,0.9278
9,bottom,9,1,5,0.9291
9,bottom,9,1,6,0.9291
9,bottom,9,1,7,0.9304
9,bottom,9,2,0,0.9229
9,bottom,9,2,1,0.9244
9,bottom,9,2,2,0.9244
9,bottom,9,2,3,0.9257
9,bottom,9,2,4,0.9244
9,bottom,9,2,5,0.9257
9,bottom,9,2,6,0.9257
9,bottom,9,2,7,0.9271
9,bottom,10,0,0,0.9399
9,bottom,10,0,1,0.941
9,bottom,10,0,2,0.941
9,bottom,10,0,3,0.9421
9,bottom,10,0,4,0.941
9,bottom,10,0,5,0.9421
9,bottom,10,0,6,0.9421
9,bottom,10,0,7,0.9432
9,bottom,10,1,0,0.937
9,bottom,10,1,1,0.9382
9,bottom,10,1,2,0.9382
9,bottom,10,1,3,0.9393
9,bottom,10,1,4,0.9382
9,bottom,10,1,5,0.9393
9,bottom,10,1,6,0.9393
9,bottom,10,1,7,0.9405
9,bottom,10,2,0,0.934
9,bottom,10,2,1,0.9352
9,bottom,10,2,2,0.9352
9,bottom,10,2,3,0.9364
9,bottom,10,2,4,0.9352
9,bottom,10,2,5,0.9364
9,bottom,10,2,6,0.9364
9,bottom,10,2,7,0.9376
